temperatura,humedad,viento,visibilidad,descripcion,riesgo
12.2,90,25.3,5215,lluvia ligera,Precaución
15.5,82,20.5,2383,lluvia fuerte,Peligro
10.4,80,15.2,6856,lluvia ligera,Seguro
19.0,86,37.9,1941,lluvia fuerte,Peligro
18.8,56,0.3,7770,despejado,Seguro
25.0,76,10.5,8649,nublado,Seguro
23.8,73,15.8,5809,lluvia ligera,Precaución
8.2,74,13.9,5331,lluvia ligera,Precaución
32.6,41,5.7,8794,despejado,Seguro
26.4,65,5.0,7242,nublado,Seguro
13.5,96,23.9,3580,lluvia fuerte,Peligro
32.2,48,4.9,8207,despejado,Seguro
15.9,72,20.5,5498,lluvia ligera,Precaución
16.4,84,35.8,2491,lluvia fuerte,Peligro
17.6,92,28.5,2265,lluvia fuerte,Peligro
16.9,33,14.9,8526,despejado,Seguro
20.2,95,26.9,4325,lluvia ligera,Peligro
23.0,74,24.1,5164,nublado,Seguro
17.7,88,18.6,6706,lluvia ligera,Precaución
14.1,90,10.0,2228,niebla,Precaución
11.5,96,6.4,1823,niebla,Peligro
17.2,90,1.1,2450,niebla,Precaución
21.7,82,22.6,3753,lluvia ligera,Precaución
23.3,72,25.2,6454,lluvia ligera,Precaución
17.2,86,18.7,4839,lluvia ligera,Precaución
12.1,90,43.2,2162,tormenta,Peligro
28.0,59,8.4,6064,nublado,Seguro
22.5,66,10.3,7966,nublado,Seguro
11.9,85,45.7,3552,tormenta,Peligro
32.4,39,16.8,9079,despejado,Seguro
14.2,73,16.8,6436,nublado,Seguro
9.7,93,21.6,6897,lluvia ligera,Precaución
16.2,72,17.2,6867,lluvia ligera,Seguro
30.4,44,9.1,9413,despejado,Seguro
28.1,31,2.9,7132,despejado,Seguro
9.5,94,45.4,3887,tormenta,Peligro
23.2,87,16.3,3262,lluvia ligera,Precaución
19.2,50,2.9,7990,despejado,Seguro
18.6,73,28.0,6933,lluvia ligera,Precaución
22.8,69,24.4,5207,nublado,Seguro
27.3,55,6.0,6552,nublado,Seguro
9.5,70,23.1,4083,lluvia ligera,Precaución
9.7,91,17.3,6693,lluvia ligera,Precaución
19.2,92,18.5,4544,lluvia ligera,Precaución
29.9,69,6.5,5624,nublado,Seguro
6.1,88,36.0,2634,lluvia fuerte,Peligro
16.6,95,34.7,1586,tormenta,Peligro
5.8,90,40.1,2922,tormenta,Peligro
13.2,94,7.6,1514,niebla,Peligro
22.4,84,19.3,4801,lluvia ligera,Precaución
11.7,78,13.5,6979,lluvia ligera,Seguro
7.0,99,37.4,3852,tormenta,Peligro
14.9,90,0.9,2539,niebla,Precaución
22.5,87,17.6,4297,lluvia ligera,Precaución
19.0,100,48.5,1725,tormenta,Peligro
15.1,85,27.5,4370,lluvia ligera,Precaución
19.9,73,16.3,4735,lluvia ligera,Precaución
10.4,87,21.5,3775,lluvia ligera,Precaución
24.2,59,8.6,5718,nublado,Seguro
34.1,47,10.1,9079,despejado,Seguro
22.5,62,9.9,5486,nublado,Seguro
17.4,93,0.9,1176,niebla,Peligro
19.7,94,21.2,5001,lluvia ligera,Precaución
22.5,78,22.3,8669,nublado,Seguro
11.2,86,17.7,3679,lluvia ligera,Precaución
14.5,75,25.7,3395,lluvia ligera,Precaución
10.7,73,12.4,3321,lluvia ligera,Precaución
24.6,55,10.0,8140,nublado,Seguro
26.8,58,20.3,7135,nublado,Seguro
27.6,38,19.9,9854,despejado,Seguro
23.8,85,25.1,5475,lluvia ligera,Precaución
7.1,90,2.1,2244,niebla,Peligro
22.6,83,17.8,3453,lluvia ligera,Precaución
18.7,46,19.3,9296,despejado,Seguro
17.3,96,12.8,2578,niebla,Peligro
9.1,73,21.2,4583,lluvia ligera,Precaución
20.1,83,21.2,5007,lluvia ligera,Precaución
7.9,85,44.3,4811,lluvia fuerte,Peligro
11.3,74,23.9,5151,nublado,Seguro
8.7,81,14.6,3482,lluvia ligera,Precaución
12.8,76,24.4,3833,lluvia ligera,Precaución
22.5,50,5.1,9190,despejado,Seguro
22.0,56,16.8,6136,nublado,Seguro
15.2,56,16.3,7613,despejado,Seguro
13.7,91,18.0,5962,lluvia ligera,Precaución
17.9,59,18.8,8909,nublado,Seguro
14.1,77,26.9,5157,lluvia ligera,Precaución
6.5,94,2.4,2405,niebla,Peligro
10.0,78,21.5,6306,lluvia ligera,Seguro
22.7,77,16.8,5776,lluvia ligera,Precaución
19.4,54,20.0,7861,nublado,Seguro
12.4,90,1.7,3000,niebla,Precaución
19.8,84,21.9,4701,lluvia fuerte,Precaución
8.0,98,12.5,2651,niebla,Peligro
20.1,74,21.4,4149,lluvia ligera,Precaución
13.6,90,13.9,4583,lluvia ligera,Precaución
20.3,94,14.7,5684,lluvia ligera,Precaución
16.6,79,18.7,5211,lluvia ligera,Precaución
20.8,45,5.9,7872,despejado,Seguro
11.8,86,13.3,3488,lluvia ligera,Precaución
8.8,95,13.8,1271,niebla,Peligro
18.4,54,24.9,8479,nublado,Seguro
18.0,88,40.6,4052,lluvia fuerte,Peligro
15.5,90,21.7,6135,lluvia ligera,Precaución
13.8,96,14.5,2647,niebla,Peligro
12.3,72,19.5,8860,nublado,Seguro
13.3,82,34.1,4759,lluvia fuerte,Peligro
31.6,47,4.1,7884,despejado,Seguro
14.2,94,13.8,2208,niebla,Peligro
17.9,100,11.4,1191,niebla,Peligro
11.5,76,18.2,5269,lluvia ligera,Precaución
27.2,48,9.0,9093,despejado,Seguro
9.4,86,18.7,5858,lluvia ligera,Precaución
8.9,78,27.7,5717,lluvia ligera,Precaución
22.7,80,6.8,7903,nublado,Seguro
13.3,95,7.7,2535,niebla,Peligro
17.1,31,1.7,8605,despejado,Seguro
15.0,73,13.1,5668,lluvia ligera,Seguro
16.8,84,39.0,3421,lluvia fuerte,Peligro
9.5,77,25.4,4211,lluvia ligera,Precaución
9.9,85,11.6,5796,lluvia ligera,Precaución
13.9,83,18.3,6554,lluvia ligera,Precaución
23.5,82,13.7,6757,lluvia ligera,Seguro
17.7,100,14.5,1766,niebla,Peligro
17.6,95,10.0,2453,niebla,Peligro
12.0,80,10.6,5312,nublado,Seguro
16.1,86,48.3,1717,tormenta,Peligro
16.8,92,24.0,3390,lluvia ligera,Peligro
33.2,41,8.0,9932,despejado,Seguro
10.1,90,46.6,3804,tormenta,Peligro
12.2,87,19.1,3669,lluvia ligera,Precaución
17.1,78,25.6,4959,lluvia ligera,Precaución
19.7,37,0.4,8957,despejado,Seguro
11.9,88,26.7,5045,lluvia ligera,Precaución
19.6,83,44.3,2433,lluvia fuerte,Peligro
25.0,30,19.4,8567,despejado,Seguro
11.9,90,1.5,2332,niebla,Precaución
23.1,90,25.9,4073,lluvia ligera,Precaución
15.0,84,16.5,6261,lluvia ligera,Precaución
25.9,33,10.2,8701,despejado,Seguro
23.3,89,28.4,5868,lluvia ligera,Precaución
28.1,61,12.0,8924,nublado,Seguro
23.4,90,20.2,4718,lluvia ligera,Precaución
28.2,38,12.5,9870,despejado,Seguro
12.9,89,27.1,4764,lluvia ligera,Precaución
14.8,95,35.1,3001,tormenta,Peligro
28.9,56,2.4,8729,despejado,Seguro
20.7,82,12.6,6507,lluvia ligera,Seguro
26.6,53,2.6,8208,despejado,Seguro
8.7,93,32.1,3092,lluvia fuerte,Peligro
19.9,89,23.6,3269,lluvia ligera,Precaución
16.3,73,13.5,5484,lluvia ligera,Seguro
15.5,91,43.8,3484,lluvia fuerte,Peligro
11.2,70,27.4,3951,lluvia ligera,Precaución
15.6,93,1.5,1524,niebla,Peligro
11.5,72,21.6,5994,nublado,Seguro
16.7,95,5.8,2514,niebla,Peligro
12.0,95,27.5,6875,lluvia ligera,Precaución
18.6,82,40.5,4759,lluvia fuerte,Peligro
10.3,72,27.9,3847,lluvia ligera,Precaución
17.7,76,16.4,6496,nublado,Seguro
28.9,78,11.7,5365,nublado,Seguro
15.4,96,30.7,3744,lluvia fuerte,Peligro
18.3,95,25.9,6902,lluvia ligera,Precaución
18.9,88,14.1,4835,lluvia ligera,Precaución
11.7,78,23.3,6897,lluvia ligera,Seguro
9.8,87,15.4,6210,lluvia ligera,Precaución
22.0,74,21.1,6348,nublado,Seguro
13.8,92,17.9,3328,lluvia ligera,Peligro
11.3,86,15.2,4290,lluvia ligera,Precaución
28.7,47,16.0,8279,despejado,Seguro
7.0,99,35.2,2766,lluvia fuerte,Peligro
14.4,77,27.1,6534,lluvia ligera,Precaución
15.1,90,6.9,2539,niebla,Precaución
9.0,91,45.3,2706,tormenta,Peligro
9.1,71,18.4,5347,lluvia ligera,Precaución
11.2,92,41.1,2585,tormenta,Peligro
21.0,71,19.8,7753,nublado,Seguro
32.0,58,0.9,7566,despejado,Seguro
17.8,87,11.8,4004,lluvia ligera,Precaución
24.1,93,28.1,6264,lluvia ligera,Precaución
25.0,58,10.3,9340,despejado,Seguro
9.6,87,28.9,6273,lluvia ligera,Precaución
18.1,39,19.1,9607,despejado,Seguro
11.3,72,15.1,5555,nublado,Seguro
14.9,87,17.2,6155,lluvia ligera,Precaución
20.4,88,11.4,4230,lluvia ligera,Precaución
18.6,70,25.7,4358,lluvia ligera,Precaución
21.7,57,20.6,8142,nublado,Seguro
26.4,45,13.2,9807,despejado,Seguro
11.4,99,34.6,2659,tormenta,Peligro
32.1,50,17.6,9258,despejado,Seguro
16.4,31,10.9,8367,despejado,Seguro
15.0,100,12.6,2286,niebla,Peligro
27.5,52,13.9,8528,nublado,Seguro
16.1,89,28.0,4145,lluvia fuerte,Peligro
24.3,71,21.2,5321,nublado,Seguro
14.5,54,9.2,5089,nublado,Seguro
10.6,86,33.6,3112,tormenta,Peligro
28.4,51,23.2,6478,nublado,Seguro
14.2,85,23.8,6392,lluvia ligera,Precaución
17.4,63,5.9,8539,nublado,Seguro
6.2,87,43.1,4726,lluvia fuerte,Peligro
15.2,56,15.6,7910,despejado,Seguro
10.3,97,1.1,1122,niebla,Peligro
20.7,80,26.1,4918,lluvia ligera,Precaución
34.6,50,6.8,8776,despejado,Seguro
19.9,74,15.1,8888,nublado,Seguro
25.6,53,7.6,5107,nublado,Seguro
7.1,100,6.3,1130,niebla,Peligro
22.7,86,21.5,6337,lluvia ligera,Precaución
15.6,98,44.9,1800,lluvia fuerte,Peligro
18.1,54,12.4,9760,despejado,Seguro
12.3,73,29.4,4655,lluvia ligera,Precaución
8.0,91,17.5,6023,lluvia ligera,Precaución
9.4,71,26.3,4178,lluvia ligera,Precaución
24.8,59,4.0,8608,despejado,Seguro
21.0,73,17.2,6733,nublado,Seguro
7.2,95,44.7,2414,tormenta,Peligro
15.4,90,10.4,2615,niebla,Precaución
17.5,74,13.2,6465,lluvia ligera,Seguro
28.0,34,10.0,9935,despejado,Seguro
13.2,99,11.7,1667,niebla,Peligro
27.9,72,8.7,6206,nublado,Seguro
14.3,83,26.9,6873,lluvia ligera,Precaución
23.5,93,18.5,6315,lluvia ligera,Precaución
15.8,52,6.7,8940,despejado,Seguro
15.0,95,31.9,1962,tormenta,Peligro
8.3,83,29.9,6931,lluvia ligera,Precaución
26.0,39,17.8,7645,despejado,Seguro
20.8,85,20.6,5626,lluvia ligera,Precaución
15.2,100,48.3,1586,tormenta,Peligro
8.3,89,11.2,5281,lluvia ligera,Precaución
34.2,43,13.5,9993,despejado,Seguro
20.5,85,25.7,5813,lluvia ligera,Precaución
8.9,85,27.5,5271,lluvia ligera,Peligro
21.2,67,13.3,5432,nublado,Seguro
13.3,92,12.6,2143,niebla,Peligro
26.9,50,18.7,8025,despejado,Seguro
7.2,97,48.6,2225,tormenta,Peligro
14.2,85,32.3,1869,lluvia fuerte,Peligro
25.4,58,7.9,7569,nublado,Seguro
5.2,96,38.1,3694,lluvia fuerte,Peligro
5.8,100,40.9,3911,lluvia fuerte,Peligro
24.1,41,10.4,7703,despejado,Seguro
7.8,96,6.1,2111,niebla,Peligro
17.5,98,37.7,3843,lluvia fuerte,Peligro
9.1,73,10.5,3833,lluvia ligera,Precaución
18.2,85,33.5,1822,tormenta,Peligro
34.6,52,16.0,9129,despejado,Seguro
20.5,55,5.6,7717,nublado,Seguro
11.5,70,7.3,7088,nublado,Seguro
15.5,50,24.2,7292,nublado,Seguro
18.8,94,43.8,3616,tormenta,Peligro
15.6,70,20.7,5162,nublado,Seguro
30.4,59,6.7,9701,despejado,Seguro
9.9,92,4.0,1549,niebla,Peligro
13.9,62,24.3,7070,nublado,Seguro
19.8,82,20.7,6128,lluvia ligera,Precaución
23.8,85,28.2,5483,lluvia ligera,Precaución
22.1,47,17.7,8664,despejado,Seguro
17.1,90,28.4,4677,lluvia ligera,Precaución
22.9,95,16.2,3237,lluvia ligera,Peligro
26.3,71,17.2,5284,nublado,Seguro
14.7,75,11.0,7336,nublado,Seguro
33.9,30,19.6,8156,despejado,Seguro
9.4,92,2.1,1587,niebla,Peligro
31.4,42,9.8,9363,despejado,Seguro
17.4,87,17.5,6820,lluvia ligera,Precaución
33.1,45,17.3,9177,despejado,Seguro
23.4,36,19.5,9623,despejado,Seguro
15.6,87,18.2,5412,lluvia ligera,Precaución
12.6,92,29.4,4296,lluvia fuerte,Peligro
23.6,86,28.4,5485,lluvia ligera,Precaución
21.1,85,19.9,4767,lluvia ligera,Precaución
9.0,75,24.1,3257,lluvia ligera,Precaución
14.0,84,22.3,6333,lluvia ligera,Precaución
14.0,66,13.0,5164,nublado,Seguro
22.5,37,7.6,7430,despejado,Seguro
14.9,63,16.3,8246,nublado,Seguro
11.3,93,15.6,6285,lluvia ligera,Precaución
10.0,72,12.2,4393,lluvia ligera,Seguro
26.3,75,6.2,6436,nublado,Seguro
15.6,81,14.6,3168,lluvia ligera,Precaución
34.5,55,12.2,7417,despejado,Seguro
13.9,87,38.4,3390,tormenta,Peligro
9.2,93,10.8,3076,lluvia ligera,Peligro
11.7,70,16.2,3886,lluvia ligera,Precaución
24.8,67,19.1,7297,nublado,Seguro
10.8,81,26.3,3456,lluvia fuerte,Peligro
25.4,71,6.9,6346,nublado,Seguro
14.9,75,26.4,6447,lluvia ligera,Precaución
21.7,52,9.4,7633,despejado,Seguro
12.6,88,15.9,3999,lluvia ligera,Precaución
13.4,95,14.5,1881,niebla,Peligro
27.3,46,7.7,9377,despejado,Seguro
11.0,93,31.7,4486,lluvia fuerte,Peligro
12.1,85,10.7,4268,lluvia ligera,Precaución
24.6,90,13.4,4084,lluvia ligera,Precaución
11.2,92,21.3,3801,lluvia fuerte,Peligro
21.8,67,8.6,8144,nublado,Seguro
7.2,89,29.1,4760,lluvia fuerte,Peligro
14.5,83,12.0,4562,lluvia ligera,Precaución
10.9,66,7.2,6339,nublado,Seguro
20.3,44,5.3,8100,despejado,Seguro
22.1,81,21.7,4436,lluvia ligera,Precaución
20.8,70,14.6,8846,nublado,Seguro
29.4,66,22.3,5483,nublado,Seguro
16.8,31,3.6,8031,despejado,Seguro
8.0,96,45.3,3209,tormenta,Peligro
9.1,74,15.6,3127,lluvia ligera,Precaución
11.5,88,18.5,4822,lluvia ligera,Precaución
8.3,85,21.8,4296,lluvia ligera,Precaución
24.9,82,25.1,4692,lluvia ligera,Precaución
13.6,83,20.5,5850,lluvia ligera,Precaución
20.6,97,30.3,3206,lluvia fuerte,Peligro
29.9,50,12.2,6941,nublado,Seguro
32.8,54,13.7,7979,despejado,Seguro
9.9,72,16.9,6570,lluvia ligera,Precaución
8.3,79,20.0,6554,lluvia ligera,Precaución
18.7,86,22.4,4199,lluvia fuerte,Precaución
13.9,90,19.1,6765,lluvia ligera,Precaución
10.2,99,21.5,4531,lluvia fuerte,Peligro
19.9,48,8.0,7322,despejado,Seguro
16.0,89,16.9,3753,lluvia ligera,Precaución
25.8,72,19.5,7051,nublado,Seguro
17.2,72,28.9,6549,lluvia ligera,Precaución
7.8,95,33.9,1466,tormenta,Peligro
19.8,92,12.6,6613,lluvia ligera,Precaución
22.8,53,23.7,5576,nublado,Seguro
14.9,100,20.7,3443,lluvia fuerte,Peligro
5.4,99,48.9,1858,tormenta,Peligro
15.0,51,14.9,7868,despejado,Seguro
24.8,50,10.2,8828,nublado,Seguro
18.1,92,32.6,3214,lluvia fuerte,Peligro
13.6,71,29.9,3337,lluvia ligera,Precaución
21.7,95,35.8,4823,lluvia fuerte,Peligro
14.9,80,23.4,6513,lluvia ligera,Seguro
11.7,70,21.1,8523,nublado,Seguro
16.9,92,12.0,6530,lluvia ligera,Precaución
20.8,79,23.4,6017,nublado,Seguro
17.1,93,27.2,3159,lluvia fuerte,Peligro
10.4,80,12.0,3473,lluvia ligera,Precaución
26.8,78,16.2,6203,nublado,Seguro
7.9,100,12.4,1165,niebla,Peligro
14.0,80,18.7,3237,lluvia ligera,Precaución
10.6,79,7.0,7927,nublado,Seguro
11.3,94,12.7,6589,lluvia ligera,Precaución
30.3,37,1.0,8401,despejado,Seguro
11.8,72,22.2,5967,lluvia ligera,Precaución
23.0,79,10.3,5582,nublado,Seguro
18.7,91,45.2,3786,tormenta,Peligro
23.6,52,9.4,8613,nublado,Seguro
22.1,91,18.3,5629,lluvia ligera,Precaución
13.5,85,31.7,2755,tormenta,Peligro
9.1,71,26.2,3471,lluvia ligera,Peligro
17.9,78,25.9,3352,lluvia ligera,Precaución
11.4,71,10.7,3770,lluvia ligera,Precaución
27.9,64,22.3,6621,nublado,Seguro
10.1,73,15.9,7078,nublado,Seguro
18.5,91,41.5,1613,tormenta,Peligro
13.7,98,5.4,1742,niebla,Peligro
12.5,63,6.6,7798,nublado,Seguro
7.1,98,0.2,1835,niebla,Peligro
14.5,98,37.5,1309,tormenta,Peligro
7.4,95,11.9,2162,niebla,Peligro
14.9,88,18.0,4914,lluvia ligera,Precaución
17.3,79,10.7,6674,nublado,Seguro
15.0,87,19.2,5326,lluvia ligera,Precaución
24.8,59,8.9,7330,despejado,Seguro
16.1,65,8.1,5228,nublado,Seguro
12.8,86,20.5,4569,lluvia ligera,Precaución
23.8,73,28.8,3550,lluvia ligera,Precaución
18.5,86,11.4,5509,lluvia ligera,Precaución
17.9,90,12.1,2277,niebla,Precaución
24.6,92,23.5,4357,lluvia ligera,Precaución
14.2,77,14.4,3547,lluvia ligera,Precaución
19.8,78,21.7,5575,lluvia ligera,Precaución
15.0,90,3.0,2939,niebla,Precaución
10.2,74,6.8,7914,nublado,Seguro
8.3,81,27.5,6971,lluvia ligera,Precaución
16.2,87,32.0,4218,lluvia fuerte,Peligro
13.5,89,32.4,1868,lluvia fuerte,Peligro
9.5,82,21.5,6887,lluvia ligera,Precaución
21.8,48,4.7,8987,despejado,Seguro
17.3,73,26.6,6230,lluvia ligera,Precaución
15.9,91,39.6,2363,tormenta,Peligro
30.2,43,17.1,8229,despejado,Seguro
18.7,52,2.8,8591,despejado,Seguro
20.7,50,18.0,7591,nublado,Seguro
14.4,76,14.4,3304,lluvia ligera,Precaución
14.3,83,26.5,4717,lluvia ligera,Precaución
12.1,96,12.3,2955,niebla,Peligro
6.0,88,29.6,3217,lluvia fuerte,Peligro
5.6,90,6.2,2725,niebla,Peligro
17.6,54,7.2,5828,nublado,Seguro
20.5,59,16.4,7256,nublado,Seguro
19.3,76,14.8,3609,lluvia ligera,Precaución
8.3,78,11.0,6038,lluvia ligera,Seguro
8.0,92,0.1,2035,niebla,Peligro
29.0,43,4.6,8974,despejado,Seguro
10.5,97,30.3,3197,tormenta,Peligro
20.1,92,22.9,4735,lluvia ligera,Precaución
20.6,90,26.8,1819,lluvia fuerte,Peligro
11.3,90,46.3,3366,tormenta,Peligro
22.2,53,16.4,7576,nublado,Seguro
23.6,85,28.7,5709,lluvia ligera,Precaución
16.0,95,32.7,2443,tormenta,Peligro
15.9,60,2.6,7128,despejado,Seguro
21.3,39,17.3,8667,despejado,Seguro
16.6,98,8.9,2872,niebla,Peligro
10.4,92,49.5,1410,tormenta,Peligro
22.2,83,13.1,3259,lluvia ligera,Precaución
12.5,50,16.5,6614,nublado,Seguro
16.8,43,16.6,7180,despejado,Seguro
26.0,37,14.3,8792,despejado,Seguro
21.6,73,23.2,3105,lluvia ligera,Precaución
18.1,65,9.3,6642,nublado,Seguro
9.1,97,23.6,2280,lluvia fuerte,Peligro
15.7,87,20.2,6942,lluvia ligera,Precaución
16.7,92,0.8,2281,niebla,Peligro
11.1,76,16.8,6138,lluvia ligera,Seguro
22.7,58,12.1,6971,nublado,Seguro
13.7,92,38.9,2602,tormenta,Peligro
33.4,34,19.5,8352,despejado,Seguro
24.3,73,29.4,6327,lluvia ligera,Precaución
15.6,55,10.8,8059,despejado,Seguro
16.2,62,6.4,5445,nublado,Seguro
16.9,65,15.7,7817,nublado,Seguro
24.1,68,17.6,8160,nublado,Seguro
7.3,88,38.2,4628,lluvia fuerte,Peligro
23.6,86,16.1,3931,lluvia ligera,Precaución
27.6,52,8.6,8702,despejado,Seguro
22.9,51,16.3,7642,nublado,Seguro
23.4,89,22.0,3548,lluvia ligera,Precaución
16.7,90,7.1,2932,niebla,Precaución
33.8,51,17.9,7888,despejado,Seguro
28.9,71,23.6,5778,nublado,Seguro
6.9,87,31.3,2630,tormenta,Peligro
16.3,94,18.6,5529,lluvia ligera,Precaución
10.0,100,44.2,2227,tormenta,Peligro
28.6,64,22.6,6985,nublado,Seguro
16.4,83,28.8,6975,lluvia ligera,Precaución
15.1,98,29.6,2260,lluvia fuerte,Peligro
24.1,82,13.6,6301,lluvia ligera,Seguro
10.7,100,44.4,2057,lluvia fuerte,Peligro
14.6,76,10.0,7533,nublado,Seguro
15.7,82,21.2,4969,lluvia ligera,Precaución
6.4,89,42.7,2615,tormenta,Peligro
19.5,36,3.8,8090,despejado,Seguro
7.0,92,11.0,2977,niebla,Peligro
24.1,44,15.9,9540,despejado,Seguro
15.6,36,4.7,9465,despejado,Seguro
24.7,83,13.8,3285,lluvia ligera,Precaución
24.1,81,29.3,4788,lluvia ligera,Precaución
17.5,90,23.2,3317,lluvia ligera,Precaución
20.8,95,19.0,5187,lluvia ligera,Precaución
16.0,92,19.9,5987,lluvia ligera,Precaución
10.5,85,11.9,3743,lluvia ligera,Precaución
18.1,87,40.5,3163,tormenta,Peligro
35.0,57,8.0,9810,despejado,Seguro
21.6,93,18.5,4763,lluvia ligera,Precaución
29.1,41,19.0,9308,despejado,Seguro
17.4,54,14.3,8576,despejado,Seguro
24.4,95,29.4,5369,lluvia ligera,Peligro
16.3,96,6.8,1467,niebla,Peligro
15.8,95,44.2,3425,lluvia fuerte,Peligro
18.3,79,25.3,4792,lluvia ligera,Precaución
23.0,70,21.5,8724,nublado,Seguro
18.1,40,11.9,9561,despejado,Seguro
14.5,92,7.8,2148,niebla,Peligro
17.3,60,14.6,8426,despejado,Seguro
13.7,80,31.9,2041,lluvia fuerte,Peligro
22.0,36,17.4,7739,despejado,Seguro
17.8,84,24.1,6603,lluvia ligera,Precaución
16.6,66,13.8,7786,nublado,Seguro
14.6,92,1.8,2449,niebla,Peligro
18.8,65,14.3,6393,nublado,Seguro
21.3,40,13.3,8533,despejado,Seguro
16.9,45,3.6,7214,despejado,Seguro
18.4,82,10.6,3323,lluvia ligera,Precaución
28.8,71,13.0,7501,nublado,Seguro
28.8,36,8.9,7967,despejado,Seguro
18.9,79,19.7,6296,lluvia ligera,Seguro
23.5,58,11.1,8340,nublado,Seguro
18.7,77,13.0,6086,lluvia ligera,Seguro
12.8,93,12.5,1671,niebla,Peligro
16.4,99,43.6,3312,tormenta,Peligro
29.9,36,12.4,8814,despejado,Seguro
18.9,95,29.0,3307,lluvia ligera,Peligro
20.8,34,13.6,7322,despejado,Seguro
11.1,98,0.1,1220,niebla,Peligro
10.9,75,23.3,3291,lluvia ligera,Precaución
10.9,93,20.9,3753,lluvia ligera,Peligro
17.6,99,11.8,1457,niebla,Peligro
14.8,92,33.3,1301,tormenta,Peligro
20.9,42,8.0,9528,despejado,Seguro
7.2,99,2.3,2349,niebla,Peligro
18.1,89,12.2,5958,lluvia ligera,Precaución
34.1,32,17.5,8156,despejado,Seguro
10.4,84,22.1,4064,lluvia ligera,Precaución
32.9,59,0.9,7865,despejado,Seguro
27.3,63,21.7,5842,nublado,Seguro
22.5,48,17.5,8251,despejado,Seguro
19.2,95,23.1,6160,lluvia ligera,Precaución
16.6,80,24.1,5751,lluvia ligera,Precaución
23.8,71,21.4,5971,nublado,Seguro
17.8,94,25.1,4927,lluvia ligera,Peligro
21.1,82,23.7,4649,lluvia ligera,Precaución
21.5,33,4.7,8689,despejado,Seguro
6.1,93,2.6,1153,niebla,Peligro
15.3,79,23.6,5429,lluvia ligera,Precaución
9.4,92,44.3,1336,tormenta,Peligro
24.1,52,8.0,7568,despejado,Seguro
13.4,77,19.4,3154,lluvia ligera,Precaución
9.8,77,13.2,5960,lluvia ligera,Precaución
23.9,61,11.2,5420,nublado,Seguro
10.8,94,30.0,4488,lluvia fuerte,Peligro
10.5,80,29.9,3744,lluvia ligera,Precaución
21.5,75,19.8,6682,lluvia ligera,Seguro
24.4,73,25.3,4382,lluvia ligera,Precaución
12.1,86,45.1,1782,tormenta,Peligro
10.5,80,20.7,4625,lluvia ligera,Precaución
14.0,62,12.4,7581,nublado,Seguro
14.3,95,28.6,3816,lluvia fuerte,Peligro
19.3,89,39.6,3428,lluvia fuerte,Peligro
12.9,90,13.1,1385,niebla,Peligro
25.2,47,16.7,9156,despejado,Seguro
22.3,70,13.6,6757,nublado,Seguro
23.0,50,6.1,9358,despejado,Seguro
22.7,70,15.8,6618,lluvia ligera,Seguro
20.6,82,19.1,5431,lluvia ligera,Precaución
24.8,90,23.8,3899,lluvia ligera,Precaución
26.8,31,8.7,7535,despejado,Seguro
30.2,37,0.0,8454,despejado,Seguro
23.0,88,28.4,5695,lluvia ligera,Precaución
14.4,88,18.0,3298,lluvia ligera,Precaución
14.7,96,1.6,2251,niebla,Peligro
20.0,85,43.3,1648,lluvia fuerte,Peligro
18.4,75,18.1,4195,lluvia ligera,Precaución
12.6,89,47.3,2131,tormenta,Peligro
31.4,59,0.3,8426,despejado,Seguro
16.3,93,13.1,4420,lluvia ligera,Precaución
12.3,71,10.5,3376,lluvia ligera,Precaución
16.1,78,12.5,5643,nublado,Seguro
16.6,40,4.6,8297,despejado,Seguro
10.5,95,3.2,1383,niebla,Peligro
18.4,81,12.7,3237,lluvia ligera,Precaución
18.7,88,21.7,4386,lluvia fuerte,Precaución
9.8,84,21.6,6518,lluvia ligera,Precaución
14.0,95,47.3,1050,tormenta,Peligro
17.2,99,8.6,1497,niebla,Peligro
23.7,65,6.3,8406,nublado,Seguro
10.4,73,26.4,6842,lluvia ligera,Precaución
9.0,93,2.2,1094,niebla,Peligro
20.9,48,8.0,7925,despejado,Seguro
16.5,72,18.7,3126,lluvia ligera,Precaución
20.1,90,20.9,6281,lluvia ligera,Precaución
8.7,88,39.1,2903,tormenta,Peligro
19.4,85,25.9,4606,lluvia ligera,Precaución
18.6,47,7.9,7521,despejado,Seguro
22.3,80,25.0,3123,lluvia ligera,Precaución
15.2,90,42.2,2468,tormenta,Peligro
5.5,95,48.4,3504,tormenta,Peligro
11.4,100,7.4,2454,niebla,Peligro
13.0,87,23.6,4026,lluvia fuerte,Precaución
14.9,95,14.9,5735,lluvia ligera,Precaución
20.0,44,1.0,8476,despejado,Seguro
32.4,37,15.0,9467,despejado,Seguro
21.7,34,12.7,8072,despejado,Seguro
10.5,74,23.7,4230,lluvia ligera,Precaución
19.6,31,9.4,7669,despejado,Seguro
16.0,37,15.0,9400,despejado,Seguro
17.4,69,18.7,8562,nublado,Seguro
7.6,99,29.3,4375,lluvia fuerte,Peligro
25.2,52,8.5,8910,nublado,Seguro
26.3,73,16.5,7365,nublado,Seguro
13.2,54,5.6,8234,nublado,Seguro
15.9,84,27.8,5846,lluvia ligera,Precaución
20.6,91,14.5,3138,lluvia ligera,Precaución
17.3,33,9.8,9739,despejado,Seguro
13.1,71,18.8,4767,lluvia ligera,Precaución
34.5,57,6.6,7410,despejado,Seguro
13.3,99,4.8,2988,niebla,Peligro
11.1,58,23.4,7116,nublado,Seguro
16.9,80,15.4,6163,nublado,Seguro
17.3,33,10.8,8168,despejado,Seguro
24.3,85,23.1,6230,lluvia ligera,Precaución
18.5,54,12.6,8900,despejado,Seguro
17.6,61,16.5,7864,nublado,Seguro
10.1,71,27.6,4754,lluvia ligera,Precaución
11.5,56,7.7,8154,nublado,Seguro
21.3,94,14.7,3024,lluvia ligera,Precaución
23.3,79,26.9,5100,lluvia ligera,Precaución
21.0,82,20.8,3345,lluvia ligera,Precaución
16.4,98,0.2,2941,niebla,Peligro
10.6,61,7.8,6003,nublado,Seguro
22.4,82,28.4,5425,lluvia ligera,Precaución
27.3,51,14.8,7918,despejado,Seguro
13.7,69,21.7,5795,nublado,Seguro
14.3,88,15.9,6486,lluvia ligera,Precaución
22.3,82,26.1,4349,lluvia ligera,Precaución
21.8,54,12.3,9439,despejado,Seguro
13.0,71,20.3,8457,nublado,Seguro
16.2,39,11.7,9101,despejado,Seguro
15.4,83,15.5,5785,lluvia ligera,Precaución
17.5,57,6.5,7396,nublado,Seguro
17.2,48,15.5,8410,despejado,Seguro
17.6,91,11.2,1440,niebla,Peligro
12.7,82,16.0,6953,lluvia ligera,Precaución
33.9,60,5.6,7621,despejado,Seguro
16.1,84,24.4,4853,lluvia ligera,Precaución
13.6,79,14.4,6082,lluvia ligera,Seguro
22.2,87,29.7,4912,lluvia ligera,Precaución
20.4,89,26.5,5408,lluvia ligera,Precaución
19.3,78,17.3,3055,lluvia ligera,Precaución
24.5,53,1.0,8635,despejado,Seguro
31.8,47,4.3,8086,despejado,Seguro
17.9,91,40.5,3610,lluvia fuerte,Peligro
13.8,79,22.0,5883,nublado,Seguro
21.1,92,11.1,6404,lluvia ligera,Precaución
12.0,54,15.1,8406,nublado,Seguro
21.8,58,7.5,9998,despejado,Seguro
18.1,89,17.9,3467,lluvia ligera,Precaución
22.2,82,15.9,6040,lluvia ligera,Precaución
10.5,75,12.6,7401,nublado,Seguro
17.8,45,5.9,7621,despejado,Seguro
24.9,40,8.4,9041,despejado,Seguro
5.5,93,24.5,2054,lluvia fuerte,Peligro
17.4,48,5.8,9141,despejado,Seguro
19.4,83,17.1,5725,lluvia ligera,Precaución
20.0,91,25.0,4999,lluvia ligera,Precaución
11.7,93,10.8,1596,niebla,Peligro
23.1,52,15.9,8334,despejado,Seguro
15.1,76,23.9,8962,nublado,Seguro
5.4,95,0.2,1424,niebla,Peligro
11.8,87,16.8,3980,lluvia ligera,Precaución
18.6,81,18.9,5773,lluvia ligera,Precaución
19.5,95,47.4,2803,tormenta,Peligro
22.0,95,29.9,6874,lluvia ligera,Precaución
22.3,54,16.9,7114,despejado,Seguro
18.1,80,22.8,6008,nublado,Seguro
9.2,90,36.5,3883,tormenta,Peligro
16.0,74,23.4,5083,lluvia ligera,Precaución
12.3,82,13.7,3433,lluvia ligera,Precaución
15.6,92,18.6,4039,lluvia ligera,Precaución
12.3,70,17.1,3276,lluvia ligera,Precaución
8.3,86,32.8,2184,tormenta,Peligro
16.5,68,9.4,8798,nublado,Seguro
9.0,85,21.6,5346,lluvia ligera,Precaución
19.9,90,17.2,6690,lluvia ligera,Precaución
33.5,59,10.1,9898,despejado,Seguro
15.1,35,18.5,9894,despejado,Seguro
12.3,89,15.6,6513,lluvia ligera,Precaución
23.3,86,17.8,3257,lluvia ligera,Precaución
13.1,91,27.5,3097,lluvia fuerte,Peligro
15.2,93,26.3,6021,lluvia ligera,Precaución
14.1,80,22.1,4198,lluvia fuerte,Precaución
15.6,97,48.3,3261,tormenta,Peligro
27.0,59,22.2,5591,nublado,Seguro
16.2,93,4.0,2612,niebla,Peligro
17.9,91,34.0,3556,tormenta,Peligro
11.4,54,14.0,8356,nublado,Seguro
5.7,91,35.4,3281,lluvia fuerte,Peligro
18.3,88,20.9,4536,lluvia ligera,Precaución
23.0,81,24.8,4768,lluvia ligera,Precaución
14.5,71,8.9,6344,nublado,Seguro
9.8,91,13.6,5123,lluvia ligera,Precaución
15.9,90,40.3,4244,lluvia fuerte,Peligro
9.7,82,11.9,6471,lluvia ligera,Precaución
21.6,49,4.0,7534,despejado,Seguro
34.2,52,2.9,7107,despejado,Seguro
16.5,98,4.5,2436,niebla,Peligro
21.6,80,18.5,3474,lluvia ligera,Precaución
23.8,65,11.3,6428,nublado,Seguro
20.3,82,15.1,3012,lluvia ligera,Precaución
19.2,84,12.8,5008,lluvia ligera,Precaución
12.1,90,23.9,2776,lluvia fuerte,Peligro
22.9,84,18.9,6173,lluvia ligera,Precaución
14.9,90,2.0,2544,niebla,Precaución
18.0,76,24.8,6486,nublado,Seguro
33.1,56,15.9,8868,despejado,Seguro
11.2,96,39.2,1347,tormenta,Peligro
23.8,84,28.7,5255,lluvia ligera,Precaución
17.6,85,11.3,4831,lluvia ligera,Precaución
11.7,78,10.6,3472,lluvia ligera,Precaución
19.1,71,16.8,4068,lluvia ligera,Precaución
11.4,57,14.1,7642,nublado,Seguro
15.2,33,14.2,7559,despejado,Seguro
20.4,93,16.3,4261,lluvia ligera,Precaución
13.3,90,24.0,4605,lluvia ligera,Precaución
10.6,80,19.0,5781,nublado,Seguro
7.6,91,20.1,1858,lluvia fuerte,Peligro
14.7,88,22.3,3119,lluvia ligera,Precaución
22.7,44,12.0,8277,despejado,Seguro
13.9,84,23.8,3999,lluvia ligera,Precaución
15.5,84,23.8,5866,lluvia ligera,Precaución
16.3,95,12.9,6210,lluvia ligera,Precaución
8.6,90,13.8,2837,niebla,Peligro
11.0,95,48.8,1472,tormenta,Peligro
20.0,87,16.0,4062,lluvia ligera,Precaución
9.9,78,26.7,4655,lluvia ligera,Precaución
8.5,91,9.2,2201,niebla,Peligro
21.6,82,25.7,6499,lluvia ligera,Precaución
13.8,56,24.4,7372,nublado,Seguro
23.5,77,26.6,6484,lluvia ligera,Precaución
19.9,60,21.6,6383,nublado,Seguro
9.9,87,36.2,2791,tormenta,Peligro
19.2,58,14.2,7731,nublado,Seguro
12.0,80,16.4,5212,lluvia ligera,Precaución
34.9,54,8.0,9742,despejado,Seguro
10.9,87,16.5,4887,lluvia ligera,Precaución
17.5,37,13.2,9870,despejado,Seguro
12.7,93,6.4,2115,niebla,Peligro
5.9,88,31.7,2408,tormenta,Peligro
17.2,37,13.2,8454,despejado,Seguro
19.0,76,15.4,3427,lluvia ligera,Precaución
18.1,95,34.3,3044,tormenta,Peligro
13.6,87,25.4,2945,lluvia fuerte,Peligro
28.5,43,11.1,9852,despejado,Seguro
21.3,62,6.4,8035,nublado,Seguro
12.8,90,1.4,2030,niebla,Precaución
17.3,59,6.5,7065,nublado,Seguro
30.9,34,3.1,9048,despejado,Seguro
12.9,54,14.7,6874,nublado,Seguro
6.1,85,49.7,2296,tormenta,Peligro
18.8,95,39.8,1458,tormenta,Peligro
12.7,62,20.9,8479,nublado,Seguro
6.1,99,3.9,2664,niebla,Peligro
17.6,88,11.0,3405,lluvia ligera,Precaución
6.0,94,49.9,1370,tormenta,Peligro
15.0,91,28.6,4931,lluvia fuerte,Peligro
16.7,68,18.3,8754,nublado,Seguro
8.2,98,36.5,1851,lluvia fuerte,Peligro
19.1,59,12.8,7367,nublado,Seguro
18.8,92,27.5,6895,lluvia ligera,Precaución
23.5,76,17.8,5011,lluvia ligera,Precaución
11.1,90,21.4,4126,lluvia fuerte,Precaución
17.4,80,16.4,6804,nublado,Seguro
12.9,96,2.5,1285,niebla,Peligro
21.6,80,15.6,5441,lluvia ligera,Precaución
13.4,94,13.3,3251,lluvia ligera,Precaución
23.3,52,15.5,6477,nublado,Seguro
26.3,64,12.0,8360,nublado,Seguro
11.7,98,33.7,2894,tormenta,Peligro
15.7,90,20.9,5023,lluvia ligera,Precaución
7.5,91,11.1,2947,niebla,Peligro
17.0,98,4.0,1576,niebla,Peligro
11.3,90,0.8,2836,niebla,Precaución
11.1,61,13.4,8735,nublado,Seguro
23.0,87,15.8,6753,lluvia ligera,Precaución
25.3,54,12.6,7387,despejado,Seguro
10.2,90,14.6,2796,niebla,Precaución
15.0,61,8.1,5772,nublado,Seguro
19.2,81,16.2,3697,lluvia ligera,Precaución
27.0,58,8.6,8320,despejado,Seguro
21.9,55,2.2,8843,despejado,Seguro
21.8,94,29.2,6814,lluvia ligera,Precaución
31.8,57,16.5,9206,despejado,Seguro
29.6,56,7.5,9568,despejado,Seguro
15.2,93,10.5,4122,lluvia ligera,Precaución
13.7,98,35.9,1803,tormenta,Peligro
30.3,38,9.0,9102,despejado,Seguro
24.5,56,14.5,7112,nublado,Seguro
18.6,95,12.0,3542,lluvia ligera,Precaución
10.9,79,14.0,5852,lluvia ligera,Seguro
23.3,77,24.1,4819,lluvia ligera,Precaución
19.8,86,29.4,5697,lluvia ligera,Precaución
8.2,92,8.3,1677,niebla,Peligro
19.8,78,12.8,6099,nublado,Seguro
5.4,97,28.2,3998,lluvia fuerte,Peligro
20.4,40,9.3,8667,despejado,Seguro
33.5,60,8.3,9749,despejado,Seguro
23.1,62,20.5,8257,nublado,Seguro
9.1,97,1.0,1905,niebla,Peligro
10.8,89,24.8,4225,lluvia ligera,Precaución
23.6,71,10.0,3188,lluvia ligera,Precaución
28.2,47,3.6,7077,despejado,Seguro
13.5,54,20.2,7684,nublado,Seguro
12.9,92,14.6,1806,niebla,Peligro
22.6,54,23.4,7523,nublado,Seguro
23.9,86,18.0,6339,lluvia ligera,Precaución
6.8,82,28.8,1881,lluvia fuerte,Peligro
20.1,89,11.1,6168,lluvia ligera,Seguro
13.8,85,50.0,3753,tormenta,Peligro
24.5,86,21.7,5778,lluvia ligera,Precaución
15.8,58,9.5,6182,nublado,Seguro
7.3,90,3.4,2245,niebla,Peligro
19.8,69,17.1,8864,nublado,Seguro
32.8,57,10.1,7127,despejado,Seguro
24.8,74,9.9,5325,nublado,Seguro
24.0,93,21.8,4792,lluvia ligera,Precaución
15.3,75,8.2,6173,nublado,Seguro
27.7,52,10.0,7833,nublado,Seguro
17.7,85,23.2,3681,lluvia fuerte,Peligro
18.5,58,12.3,7159,despejado,Seguro
18.1,79,22.6,6948,nublado,Seguro
28.2,55,19.6,7900,nublado,Seguro
17.2,38,2.2,7606,despejado,Seguro
19.9,90,40.9,2315,tormenta,Peligro
7.4,99,37.0,3145,lluvia fuerte,Peligro
11.4,69,22.8,7214,nublado,Seguro
5.1,91,11.7,1448,niebla,Peligro
9.7,93,26.3,1835,lluvia fuerte,Peligro
16.3,73,24.2,4302,lluvia ligera,Precaución
6.1,91,40.0,3788,tormenta,Peligro
30.5,37,6.0,7195,despejado,Seguro
15.7,93,20.3,6182,lluvia ligera,Precaución
12.8,93,33.3,1519,tormenta,Peligro
16.3,84,13.6,6565,lluvia ligera,Seguro
24.7,82,26.5,4522,lluvia ligera,Precaución
25.5,44,0.3,7590,despejado,Seguro
18.5,53,17.5,9411,despejado,Seguro
21.3,100,42.3,3383,lluvia fuerte,Peligro
21.2,89,10.3,5096,lluvia ligera,Precaución
17.5,55,20.6,7201,nublado,Seguro
11.0,82,22.3,6882,lluvia ligera,Precaución
9.9,75,19.2,4528,lluvia ligera,Precaución
17.1,64,24.1,7533,nublado,Seguro
18.4,51,11.1,7131,despejado,Seguro
24.5,78,19.8,3817,lluvia ligera,Precaución
6.6,88,33.3,2908,tormenta,Peligro
15.1,86,23.5,4885,lluvia fuerte,Precaución
14.6,97,46.3,1322,tormenta,Peligro
16.0,33,8.3,8557,despejado,Seguro
15.9,37,15.5,7326,despejado,Seguro
22.6,73,10.5,3526,lluvia ligera,Precaución
14.7,52,13.5,6913,nublado,Seguro
19.4,99,35.3,4132,lluvia fuerte,Peligro
7.6,95,12.4,2034,niebla,Peligro
22.3,82,30.0,6450,lluvia ligera,Precaución
12.0,86,38.9,1966,lluvia fuerte,Peligro
8.8,92,10.9,2943,niebla,Peligro
15.8,93,4.5,1066,niebla,Peligro
18.6,55,11.3,7222,despejado,Seguro
13.9,90,4.5,2355,niebla,Precaución
34.0,36,16.8,9544,despejado,Seguro
8.9,81,16.9,4991,lluvia ligera,Precaución
19.5,71,25.8,5651,lluvia ligera,Precaución
21.5,60,21.0,8637,nublado,Seguro
24.0,36,15.2,7690,despejado,Seguro
26.6,69,7.9,7386,nublado,Seguro
12.7,78,23.1,5994,lluvia ligera,Precaución
22.2,74,10.3,7142,nublado,Seguro
15.5,34,1.1,7231,despejado,Seguro
13.6,87,19.1,4511,lluvia ligera,Precaución
21.6,100,37.6,1911,lluvia fuerte,Peligro
14.6,71,24.3,4839,lluvia ligera,Precaución
18.4,63,20.8,5117,nublado,Seguro
15.9,61,8.6,5057,nublado,Seguro
23.3,91,12.7,5989,lluvia ligera,Precaución
29.7,79,15.2,6629,nublado,Seguro
7.4,85,39.5,3497,lluvia fuerte,Peligro
20.6,88,41.7,2019,lluvia fuerte,Peligro
19.0,84,26.9,3378,lluvia ligera,Peligro
10.8,76,14.9,3722,lluvia ligera,Precaución
11.1,72,27.4,6815,lluvia ligera,Precaución
13.8,95,14.1,4978,lluvia ligera,Precaución
19.5,56,18.3,8890,despejado,Seguro
16.8,83,13.4,5236,lluvia ligera,Precaución
31.7,51,9.9,7368,despejado,Seguro
31.5,30,1.6,9627,despejado,Seguro
13.5,97,41.0,1001,tormenta,Peligro
33.7,45,11.0,7107,despejado,Seguro
15.3,75,20.7,4103,lluvia ligera,Precaución
7.4,93,11.1,1566,niebla,Peligro
11.9,59,23.9,8539,nublado,Seguro
16.2,86,14.1,5592,lluvia ligera,Precaución
20.2,41,13.9,7254,despejado,Seguro
15.5,89,16.8,4794,lluvia ligera,Precaución
19.9,53,9.8,7613,nublado,Seguro
8.2,76,19.2,3270,lluvia ligera,Precaución
11.2,84,23.3,6872,lluvia ligera,Precaución
27.1,77,15.3,7742,nublado,Seguro
19.2,67,11.8,6451,nublado,Seguro
21.3,68,21.7,6593,nublado,Seguro
21.0,96,33.5,3293,lluvia fuerte,Peligro
20.2,38,14.1,7878,despejado,Seguro
29.3,80,11.4,8010,nublado,Seguro
10.1,64,21.0,5503,nublado,Seguro
15.8,76,24.1,4856,lluvia ligera,Precaución
13.7,73,24.6,6062,nublado,Seguro
18.9,88,27.1,4287,lluvia ligera,Precaución
12.1,56,7.0,7338,nublado,Seguro
19.5,94,26.3,3411,lluvia fuerte,Peligro
20.8,85,12.9,3510,lluvia ligera,Precaución
20.2,42,12.7,7902,despejado,Seguro
17.4,88,23.5,4008,lluvia ligera,Precaución
20.0,49,12.0,9488,despejado,Seguro
8.5,98,11.6,1952,niebla,Peligro
15.2,71,20.2,5637,lluvia ligera,Precaución
15.4,75,14.6,8895,nublado,Seguro
6.8,88,45.7,3038,tormenta,Peligro
9.1,92,7.5,2054,niebla,Peligro
25.2,71,12.9,5582,nublado,Seguro
19.4,84,19.7,3279,lluvia ligera,Precaución
22.9,58,6.6,7973,despejado,Seguro
29.0,53,18.0,9021,despejado,Seguro
15.8,100,43.3,2209,lluvia fuerte,Peligro
5.8,91,36.0,1865,tormenta,Peligro
8.3,90,10.4,1604,niebla,Peligro
22.9,74,11.8,5909,lluvia ligera,Seguro
20.1,80,21.1,3700,lluvia ligera,Precaución
10.9,90,30.9,3594,lluvia fuerte,Peligro
11.3,51,22.2,5290,nublado,Seguro
18.9,88,22.9,3950,lluvia ligera,Precaución
19.8,74,11.8,3224,lluvia ligera,Precaución
19.3,58,20.3,5687,nublado,Seguro
13.9,82,22.6,4031,lluvia fuerte,Precaución
25.7,65,15.3,5290,nublado,Seguro
30.6,59,1.9,9072,despejado,Seguro
24.4,90,23.7,5409,lluvia ligera,Precaución
18.9,57,19.9,8106,nublado,Seguro
19.6,66,18.7,7772,nublado,Seguro
13.9,92,2.2,2152,niebla,Peligro
18.8,82,42.6,4897,lluvia fuerte,Peligro
20.4,51,8.5,9486,despejado,Seguro
29.9,33,4.4,9843,despejado,Seguro
13.1,80,27.8,6172,lluvia ligera,Precaución
17.2,90,6.1,2834,niebla,Precaución
21.4,92,15.2,4127,lluvia ligera,Precaución
12.9,59,17.1,6192,nublado,Seguro
20.2,88,22.3,3728,lluvia fuerte,Peligro
14.0,93,21.4,4998,lluvia fuerte,Peligro
20.0,80,30.4,3123,lluvia fuerte,Peligro
21.4,91,20.5,6417,lluvia ligera,Precaución
7.5,85,30.9,3224,lluvia fuerte,Peligro
13.5,92,7.6,2421,niebla,Peligro
18.2,60,12.7,7373,despejado,Seguro
12.6,88,22.4,4438,lluvia fuerte,Precaución
26.1,56,19.7,5037,nublado,Seguro
11.6,90,10.5,2057,niebla,Precaución
19.5,82,21.8,5125,lluvia ligera,Precaución
23.9,72,25.7,4479,lluvia ligera,Precaución
28.9,39,17.0,9459,despejado,Seguro
14.8,71,23.1,5924,nublado,Seguro
16.8,91,43.1,3626,lluvia fuerte,Peligro
11.6,89,16.6,6743,lluvia ligera,Precaución
8.3,84,23.9,2711,lluvia fuerte,Peligro
24.9,78,11.5,8190,nublado,Seguro
23.9,94,19.0,5850,lluvia ligera,Precaución
27.0,57,10.6,9864,despejado,Seguro
22.9,71,9.1,7668,nublado,Seguro
15.0,47,16.4,8471,despejado,Seguro
22.6,80,27.3,4913,lluvia ligera,Precaución
8.7,85,12.0,4814,lluvia ligera,Precaución
23.0,77,22.4,4144,lluvia ligera,Precaución
12.7,85,25.3,4693,lluvia ligera,Precaución
12.5,92,1.6,2346,niebla,Peligro
18.3,94,17.1,4461,lluvia ligera,Precaución
8.2,73,22.1,6727,lluvia ligera,Precaución
21.9,80,6.7,7289,nublado,Seguro
15.9,77,22.8,8751,nublado,Seguro
7.4,99,7.1,1308,niebla,Peligro
10.4,84,18.2,6603,lluvia ligera,Precaución
26.9,56,3.9,9347,despejado,Seguro
21.6,78,12.1,3606,lluvia ligera,Precaución
12.7,94,27.4,3910,lluvia fuerte,Peligro
10.8,81,14.2,4093,lluvia ligera,Precaución
18.8,76,18.2,3654,lluvia ligera,Precaución
10.1,64,18.8,6924,nublado,Seguro
9.6,81,15.0,4523,lluvia ligera,Precaución
23.0,68,15.8,8277,nublado,Seguro
10.3,75,20.8,7411,nublado,Seguro
10.8,84,27.5,6729,lluvia ligera,Precaución
23.6,91,17.4,4087,lluvia ligera,Precaución
17.5,94,8.2,1765,niebla,Peligro
26.7,30,5.2,7163,despejado,Seguro
20.5,34,19.8,9212,despejado,Seguro
16.5,100,45.7,1360,tormenta,Peligro
12.4,91,43.8,2968,tormenta,Peligro
22.7,74,19.9,4383,lluvia ligera,Precaución
11.4,96,31.4,3652,tormenta,Peligro
12.6,98,31.2,3541,lluvia fuerte,Peligro
18.5,89,21.5,4467,lluvia fuerte,Precaución
16.5,97,4.1,2892,niebla,Peligro
24.0,55,18.0,8406,despejado,Seguro
33.2,32,9.7,9145,despejado,Seguro
8.4,75,25.3,4654,lluvia ligera,Precaución
20.9,51,10.8,7540,despejado,Seguro
21.5,90,20.7,2619,lluvia fuerte,Peligro
8.2,83,26.4,3432,lluvia ligera,Peligro
9.4,75,22.5,6885,lluvia ligera,Precaución
13.3,97,6.9,2500,niebla,Peligro
18.9,83,23.8,4871,lluvia ligera,Precaución
15.4,32,4.0,9645,despejado,Seguro
17.8,92,1.8,2550,niebla,Peligro
19.2,70,24.0,4229,lluvia ligera,Precaución
15.3,63,17.5,7116,nublado,Seguro
15.8,95,46.9,3308,tormenta,Peligro
12.3,91,29.3,5468,lluvia ligera,Peligro
21.6,73,27.3,4035,lluvia ligera,Precaución
20.7,90,34.4,3848,lluvia fuerte,Peligro
24.6,77,22.4,6716,lluvia ligera,Seguro
21.2,80,27.9,4292,lluvia fuerte,Precaución
28.6,33,13.6,9199,despejado,Seguro
22.1,72,19.9,4554,lluvia ligera,Precaución
18.2,51,6.1,9886,despejado,Seguro
27.7,49,9.1,9869,despejado,Seguro
15.6,50,12.2,7980,despejado,Seguro
8.4,86,41.7,1698,tormenta,Peligro
24.4,65,16.9,5800,nublado,Seguro
18.5,79,23.9,3624,lluvia ligera,Precaución
15.2,89,21.4,6477,lluvia ligera,Precaución
26.9,44,12.0,9880,despejado,Seguro
11.6,86,25.1,4581,lluvia fuerte,Peligro
10.1,75,26.6,5787,lluvia ligera,Precaución
28.8,31,5.6,7455,despejado,Seguro
19.5,72,29.8,5780,lluvia ligera,Precaución
11.5,81,33.3,4492,lluvia fuerte,Peligro
26.2,52,13.0,9232,despejado,Seguro
18.0,84,25.1,4842,lluvia ligera,Precaución
11.4,82,12.5,6432,lluvia ligera,Seguro
15.2,48,12.1,8372,despejado,Seguro
10.7,97,7.9,2248,niebla,Peligro
24.0,60,10.6,5881,nublado,Seguro
33.0,44,18.0,9775,despejado,Seguro
21.8,36,6.1,7983,despejado,Seguro
15.2,99,14.7,2994,niebla,Peligro
18.0,86,48.2,3034,tormenta,Peligro
11.3,50,16.8,5942,nublado,Seguro
6.3,92,31.5,2496,lluvia fuerte,Peligro
10.7,96,32.2,1957,tormenta,Peligro
31.3,57,9.1,9294,despejado,Seguro
17.5,74,23.0,7318,nublado,Seguro
11.6,52,12.6,6133,nublado,Seguro
14.3,84,25.6,4599,lluvia ligera,Precaución
18.7,75,16.3,3237,lluvia ligera,Precaución
32.7,43,6.0,9452,despejado,Seguro
17.7,94,23.2,5280,lluvia ligera,Precaución
8.2,88,16.5,4896,lluvia ligera,Precaución
10.8,93,1.3,1205,niebla,Peligro
23.5,54,15.7,7318,despejado,Seguro
6.1,99,39.0,1233,tormenta,Peligro
17.0,98,34.5,2016,tormenta,Peligro
29.8,48,7.9,8248,despejado,Seguro
16.0,45,12.0,9679,despejado,Seguro
18.1,98,37.3,2117,lluvia fuerte,Peligro
19.7,80,17.1,4301,lluvia ligera,Precaución
25.6,68,19.9,8137,nublado,Seguro
19.9,89,20.8,6254,lluvia ligera,Precaución
19.6,88,11.8,5751,lluvia ligera,Precaución
8.4,91,17.9,3033,lluvia ligera,Peligro
19.1,63,16.0,6843,nublado,Seguro
13.7,74,6.8,6256,nublado,Seguro
26.6,59,19.5,7069,nublado,Seguro
15.6,85,43.4,3271,tormenta,Peligro
11.5,94,33.2,3766,lluvia fuerte,Peligro
26.6,52,10.6,6846,nublado,Seguro
11.3,99,35.9,4025,lluvia fuerte,Peligro
15.8,83,37.0,2490,lluvia fuerte,Peligro
10.5,79,26.7,5047,lluvia ligera,Precaución
22.7,94,15.6,5627,lluvia ligera,Precaución
10.2,91,20.8,6919,lluvia ligera,Precaución
16.6,78,21.1,5190,lluvia ligera,Precaución
16.3,76,24.4,4897,lluvia ligera,Precaución
24.2,85,19.6,4090,lluvia ligera,Precaución
19.9,73,29.9,6301,lluvia ligera,Precaución
16.0,62,22.9,7583,nublado,Seguro
5.3,100,30.9,2584,tormenta,Peligro
13.7,83,27.9,4534,lluvia ligera,Precaución
23.9,92,13.0,6491,lluvia ligera,Precaución
20.5,57,16.4,8880,nublado,Seguro
21.0,37,4.3,8289,despejado,Seguro
22.9,60,21.4,5503,nublado,Seguro
33.4,44,1.1,9501,despejado,Seguro
14.1,70,19.8,5966,lluvia ligera,Precaución
21.2,92,10.5,6469,lluvia ligera,Precaución
12.1,91,22.6,6160,lluvia ligera,Precaución
33.0,36,13.6,9731,despejado,Seguro
19.1,80,19.4,7947,nublado,Seguro
23.2,31,19.8,7509,despejado,Seguro
6.7,95,39.0,2811,lluvia fuerte,Peligro
22.3,91,12.8,4543,lluvia ligera,Precaución
12.0,95,0.9,2196,niebla,Peligro
15.3,91,6.0,2535,niebla,Peligro
19.1,91,22.2,4959,lluvia fuerte,Peligro
34.0,57,9.0,9253,despejado,Seguro
17.3,96,40.8,1170,tormenta,Peligro
18.3,95,10.9,4881,lluvia ligera,Precaución
16.0,73,13.9,8382,nublado,Seguro
22.5,58,13.3,7178,despejado,Seguro
10.7,90,33.6,3837,tormenta,Peligro
9.4,91,3.7,1389,niebla,Peligro
10.7,87,26.3,5459,lluvia ligera,Precaución
26.1,72,15.4,5205,nublado,Seguro
10.6,97,49.9,2535,tormenta,Peligro
10.1,74,10.1,6878,nublado,Seguro
17.8,60,4.5,9770,despejado,Seguro
14.3,97,13.1,1073,niebla,Peligro
22.3,94,15.3,5217,lluvia ligera,Precaución
22.9,53,7.9,8148,nublado,Seguro
12.8,98,32.3,1612,tormenta,Peligro
15.7,93,17.0,5235,lluvia ligera,Precaución
11.6,88,25.9,6681,lluvia ligera,Precaución
21.7,78,18.6,4493,lluvia ligera,Precaución
21.2,82,19.3,5657,lluvia ligera,Precaución
33.1,50,0.8,8805,despejado,Seguro
13.7,100,45.8,3795,tormenta,Peligro
17.1,63,5.1,8619,nublado,Seguro
19.9,86,40.5,1304,tormenta,Peligro
24.9,84,18.3,4026,lluvia ligera,Precaución
7.4,100,9.9,1810,niebla,Peligro
21.4,77,26.6,6436,lluvia ligera,Precaución
17.3,44,12.7,7349,despejado,Seguro
18.8,63,20.4,5026,nublado,Seguro
12.8,93,34.1,3933,tormenta,Peligro
17.4,71,17.9,5351,nublado,Seguro
34.0,59,6.6,8285,despejado,Seguro
16.4,93,7.8,2043,niebla,Peligro
11.3,91,5.3,2139,niebla,Peligro
24.8,88,10.2,5090,lluvia ligera,Precaución
5.0,91,26.0,3206,lluvia fuerte,Peligro
20.8,73,11.1,4900,lluvia ligera,Seguro
10.8,84,27.2,6060,lluvia ligera,Precaución
24.2,80,25.1,5175,lluvia ligera,Precaución
28.4,51,11.0,7533,despejado,Seguro
20.3,95,31.3,4579,lluvia fuerte,Peligro
8.6,100,34.3,1541,tormenta,Peligro
11.6,80,16.8,6603,lluvia ligera,Seguro
22.8,92,14.8,4568,lluvia ligera,Precaución
18.3,30,19.7,8086,despejado,Seguro
11.4,97,31.9,4108,lluvia fuerte,Peligro
10.0,73,24.8,3636,lluvia ligera,Precaución
23.9,76,27.9,5687,lluvia ligera,Precaución
27.1,35,8.6,8371,despejado,Seguro
14.8,93,33.6,3397,tormenta,Peligro
30.9,48,15.7,8422,despejado,Seguro
14.0,96,44.3,1467,tormenta,Peligro
18.2,98,35.3,3682,tormenta,Peligro
14.1,88,45.6,1670,tormenta,Peligro
5.4,90,39.6,3186,lluvia fuerte,Peligro
18.0,74,17.5,4271,lluvia ligera,Precaución
30.3,50,18.7,7541,despejado,Seguro
22.4,58,21.3,6094,nublado,Seguro
22.6,85,17.0,6300,lluvia ligera,Precaución
22.1,56,14.1,6654,nublado,Seguro
9.4,77,12.4,6131,lluvia ligera,Seguro
11.3,89,47.7,3682,tormenta,Peligro
25.0,85,20.5,4285,lluvia ligera,Precaución
19.5,75,21.2,7871,nublado,Seguro
5.7,86,43.2,3677,tormenta,Peligro
30.5,54,8.6,7804,despejado,Seguro
12.9,83,25.7,5484,lluvia ligera,Precaución
23.6,88,20.2,3865,lluvia ligera,Precaución
23.1,58,15.7,8240,nublado,Seguro
23.3,35,7.9,8545,despejado,Seguro
29.7,69,22.0,5298,nublado,Seguro
11.9,89,36.6,3511,tormenta,Peligro
17.2,60,17.7,7610,despejado,Seguro
19.7,88,10.8,5756,lluvia ligera,Precaución
11.4,82,15.0,5110,lluvia ligera,Precaución
9.2,91,11.4,2151,niebla,Peligro
23.8,79,18.9,5984,lluvia ligera,Precaución
18.4,72,16.5,3920,lluvia ligera,Precaución
19.7,89,18.1,3022,lluvia ligera,Precaución
29.4,31,7.7,10000,despejado,Seguro
25.0,54,6.1,8273,nublado,Seguro
10.3,88,26.2,1964,lluvia fuerte,Peligro
18.1,96,40.6,2116,tormenta,Peligro
34.8,51,16.8,7662,despejado,Seguro
18.3,72,12.5,5557,lluvia ligera,Seguro
11.2,90,2.1,2128,niebla,Precaución
19.2,85,47.1,3358,tormenta,Peligro
17.7,71,22.3,4481,lluvia ligera,Precaución
34.0,42,10.1,9574,despejado,Seguro
31.7,49,8.2,8145,despejado,Seguro
20.4,50,12.5,7130,nublado,Seguro
12.2,70,19.0,4673,lluvia ligera,Precaución
10.5,89,33.9,2285,lluvia fuerte,Peligro
27.6,80,6.6,7997,nublado,Seguro
28.6,60,23.1,8138,nublado,Seguro
20.6,94,17.0,6340,lluvia ligera,Precaución
15.0,100,9.6,2419,niebla,Peligro
11.8,57,24.4,6623,nublado,Seguro
20.9,85,22.1,6849,lluvia ligera,Precaución
21.1,38,7.3,8437,despejado,Seguro
6.4,94,3.7,1285,niebla,Peligro
21.8,91,13.4,5158,lluvia ligera,Precaución
28.9,75,10.7,6002,nublado,Seguro
24.5,41,9.6,7699,despejado,Seguro
30.3,50,6.8,7398,despejado,Seguro
6.4,90,12.9,1455,niebla,Peligro
15.3,50,9.5,9833,despejado,Seguro
21.2,46,18.4,7636,despejado,Seguro
18.5,88,12.6,4790,lluvia ligera,Precaución
19.9,49,18.5,8178,despejado,Seguro
7.1,96,2.4,1207,niebla,Peligro
12.3,83,27.0,5403,lluvia ligera,Precaución
17.2,53,21.6,7099,nublado,Seguro
20.0,90,15.9,6052,lluvia ligera,Precaución
25.6,51,11.0,7270,despejado,Seguro
16.1,55,11.5,7905,nublado,Seguro
20.9,71,10.8,3287,lluvia ligera,Precaución
23.0,81,23.5,3715,lluvia ligera,Precaución
16.2,59,9.6,9448,despejado,Seguro
10.0,96,3.7,2343,niebla,Peligro
15.1,88,34.6,3084,tormenta,Peligro
26.7,65,11.8,7068,nublado,Seguro
16.5,86,46.1,3457,tormenta,Peligro
15.8,94,28.7,3038,lluvia ligera,Peligro
12.9,98,47.8,1548,tormenta,Peligro
16.7,31,18.3,8545,despejado,Seguro
7.4,99,48.9,3406,tormenta,Peligro
25.0,68,17.2,6552,nublado,Seguro
13.9,76,11.8,7754,nublado,Seguro
12.6,95,17.4,6643,lluvia ligera,Precaución
10.4,74,22.9,6265,nublado,Seguro
31.8,54,15.3,9653,despejado,Seguro
11.0,79,28.4,4536,lluvia ligera,Precaución
23.6,63,19.1,5749,nublado,Seguro
18.2,77,30.0,3531,lluvia ligera,Precaución
16.8,83,27.9,4292,lluvia ligera,Precaución
13.0,95,8.7,2442,niebla,Peligro
18.4,76,29.1,4142,lluvia ligera,Precaución
15.8,77,11.3,8280,nublado,Seguro
12.1,74,25.7,3840,lluvia ligera,Precaución
5.4,89,39.7,2999,tormenta,Peligro
29.7,45,10.4,9300,despejado,Seguro
7.0,100,30.1,1198,tormenta,Peligro
25.1,51,12.2,6853,nublado,Seguro
19.9,74,29.3,6201,lluvia ligera,Precaución
26.8,38,1.3,9175,despejado,Seguro
6.7,84,20.1,3754,lluvia fuerte,Peligro
20.0,76,10.6,6476,nublado,Seguro
14.8,90,13.9,2002,niebla,Precaución
23.0,52,5.3,7740,nublado,Seguro
25.3,38,4.2,7765,despejado,Seguro
15.0,90,12.1,1858,niebla,Peligro
11.0,85,24.4,3926,lluvia fuerte,Peligro
24.6,89,13.6,4899,lluvia ligera,Precaución
12.0,70,23.4,6714,lluvia ligera,Seguro
22.9,75,15.5,7583,nublado,Seguro
8.3,92,23.5,6302,lluvia ligera,Precaución
8.8,79,20.6,6835,lluvia ligera,Precaución
19.3,68,24.4,8164,nublado,Seguro
17.7,84,22.8,4247,lluvia ligera,Precaución
13.8,62,18.9,6302,nublado,Seguro
21.4,71,18.1,3867,lluvia ligera,Precaución
30.4,60,13.8,8130,despejado,Seguro
14.1,94,11.0,5685,lluvia ligera,Precaución
25.0,59,17.9,8210,nublado,Seguro
17.6,43,11.0,8034,despejado,Seguro
31.7,45,11.9,7067,despejado,Seguro
28.0,67,21.6,8673,nublado,Seguro
11.3,100,41.5,1965,tormenta,Peligro
8.3,93,31.2,2932,tormenta,Peligro
29.6,48,7.6,7229,despejado,Seguro
18.2,87,18.2,3774,lluvia ligera,Precaución
16.5,47,12.4,8234,despejado,Seguro
19.5,92,12.9,3834,lluvia ligera,Precaución
21.7,52,22.7,5534,nublado,Seguro
10.5,95,14.5,3040,lluvia ligera,Precaución
13.2,92,13.2,5596,lluvia ligera,Precaución
17.2,37,10.3,9659,despejado,Seguro
22.5,80,28.6,4461,lluvia ligera,Precaución
22.3,87,25.1,6739,lluvia ligera,Precaución
10.6,75,21.5,6901,nublado,Seguro
15.9,92,49.6,3743,tormenta,Peligro
16.2,92,47.3,1725,tormenta,Peligro
23.1,73,17.7,4906,lluvia ligera,Precaución
20.7,92,11.8,3112,lluvia ligera,Precaución
33.3,46,2.2,8740,despejado,Seguro
15.2,100,49.1,1298,tormenta,Peligro
13.5,71,22.5,3042,lluvia ligera,Precaución
32.0,32,11.9,9765,despejado,Seguro
9.8,70,28.6,5358,lluvia ligera,Precaución
25.3,60,15.4,8958,despejado,Seguro
29.2,71,22.7,6562,nublado,Seguro
8.7,70,29.0,4398,lluvia ligera,Precaución
14.7,94,36.0,1442,tormenta,Peligro
25.6,52,3.8,8154,despejado,Seguro
19.9,31,8.0,7959,despejado,Seguro
10.5,95,17.3,4573,lluvia ligera,Precaución
26.6,52,23.9,5909,nublado,Seguro
7.3,99,49.0,2523,tormenta,Peligro
12.7,90,5.5,2240,niebla,Precaución
10.4,95,38.6,1572,lluvia fuerte,Peligro
22.0,88,42.7,3157,lluvia fuerte,Peligro
20.1,86,24.5,3603,lluvia ligera,Precaución
10.1,62,9.7,8087,nublado,Seguro
17.5,63,18.6,5689,nublado,Seguro
30.0,55,15.2,8062,despejado,Seguro
10.1,80,23.8,5936,lluvia ligera,Precaución
29.1,30,4.3,7319,despejado,Seguro
8.6,79,24.1,5879,lluvia ligera,Precaución
16.7,53,10.5,8102,nublado,Seguro
9.9,98,6.8,1507,niebla,Peligro
19.0,64,10.3,5491,nublado,Seguro
10.7,98,13.9,2102,niebla,Peligro
15.2,84,19.4,3150,lluvia ligera,Precaución
25.9,67,17.3,8405,nublado,Seguro
13.4,95,5.4,1896,niebla,Peligro
12.2,57,24.2,8409,nublado,Seguro
21.9,75,14.7,3887,lluvia ligera,Precaución
20.5,55,7.2,8215,nublado,Seguro
30.9,51,16.9,8943,despejado,Seguro
10.3,85,20.9,6999,lluvia ligera,Precaución
10.7,70,17.7,5438,lluvia ligera,Precaución
16.4,97,30.6,3053,lluvia fuerte,Peligro
11.2,87,44.2,4000,lluvia fuerte,Peligro
21.2,42,12.4,7902,despejado,Seguro
24.5,94,13.6,6738,lluvia ligera,Precaución
18.6,41,19.6,8737,despejado,Seguro
11.4,74,18.9,6377,lluvia ligera,Seguro
23.4,72,25.8,4734,lluvia ligera,Precaución
18.5,76,16.4,4845,lluvia ligera,Precaución
34.0,36,12.5,8083,despejado,Seguro
30.1,46,15.3,8335,despejado,Seguro
14.0,76,12.6,7268,nublado,Seguro
26.9,71,13.2,8847,nublado,Seguro
21.0,92,28.6,6042,lluvia ligera,Precaución
21.7,87,26.8,2904,lluvia fuerte,Peligro
7.8,91,0.7,1705,niebla,Peligro
17.2,87,19.4,6175,lluvia ligera,Precaución
28.7,49,17.4,8365,despejado,Seguro
10.7,78,17.3,5384,lluvia ligera,Precaución
12.6,98,40.9,2472,tormenta,Peligro
13.1,74,29.5,5999,lluvia ligera,Precaución
10.3,94,26.3,6581,lluvia ligera,Precaución
20.7,75,14.0,6221,lluvia ligera,Seguro
16.9,97,45.6,2470,tormenta,Peligro
8.8,91,24.0,6809,lluvia ligera,Precaución
14.5,75,18.5,4167,lluvia ligera,Precaución
11.6,78,16.7,6297,lluvia ligera,Seguro
20.3,88,12.0,6217,lluvia ligera,Seguro
19.6,53,6.6,7992,despejado,Seguro
10.0,84,21.4,5852,lluvia ligera,Precaución
22.7,47,14.5,7101,despejado,Seguro
23.8,59,7.5,5533,nublado,Seguro
11.1,82,19.8,3563,lluvia ligera,Precaución
11.9,98,8.9,2945,niebla,Peligro
12.8,74,16.3,6819,nublado,Seguro
15.0,94,11.7,6691,lluvia ligera,Precaución
24.0,37,1.7,7050,despejado,Seguro
14.0,78,20.1,4732,lluvia ligera,Precaución
19.8,82,38.8,2813,lluvia fuerte,Peligro
21.3,55,4.4,9624,despejado,Seguro
20.9,74,10.2,6978,nublado,Seguro
31.4,46,15.9,7298,despejado,Seguro
22.0,70,11.0,3271,lluvia ligera,Precaución
24.0,56,4.3,7823,despejado,Seguro
9.1,100,7.9,2522,niebla,Peligro
17.7,93,10.6,5448,lluvia ligera,Precaución
13.6,89,24.2,4874,lluvia fuerte,Precaución
9.8,93,33.6,2306,tormenta,Peligro
5.7,94,35.2,1712,tormenta,Peligro
15.8,59,24.1,5323,nublado,Seguro
5.7,94,39.2,1127,tormenta,Peligro
5.5,96,41.7,1606,tormenta,Peligro
22.8,77,23.2,3826,lluvia ligera,Precaución
18.2,74,17.2,6931,nublado,Seguro
14.2,100,2.6,1740,niebla,Peligro
16.2,55,6.2,9331,despejado,Seguro
25.2,65,16.2,6998,nublado,Seguro
18.1,72,12.0,3337,lluvia ligera,Precaución
18.3,55,23.0,8003,nublado,Seguro
12.3,72,12.7,3344,lluvia ligera,Precaución
25.0,85,12.1,4703,lluvia ligera,Precaución
12.1,82,12.6,5643,lluvia ligera,Precaución
22.4,59,18.8,5353,nublado,Seguro
31.3,57,0.8,8190,despejado,Seguro
18.9,81,28.2,6186,lluvia ligera,Precaución
22.9,79,24.9,4259,lluvia ligera,Precaución
19.8,81,44.2,3959,lluvia fuerte,Peligro
11.3,91,48.6,3989,tormenta,Peligro
17.7,74,26.6,5844,lluvia ligera,Precaución
25.0,68,19.6,6439,nublado,Seguro
19.4,80,24.2,3734,lluvia fuerte,Precaución
16.4,52,8.4,8707,despejado,Seguro
19.4,69,13.7,5262,nublado,Seguro
21.0,84,23.0,3575,lluvia ligera,Precaución
5.7,93,8.6,2633,niebla,Peligro
15.6,81,25.1,3749,lluvia fuerte,Peligro
14.9,93,36.9,4946,lluvia fuerte,Peligro
14.0,67,10.4,7302,nublado,Seguro
27.8,47,12.3,8136,despejado,Seguro
13.3,95,6.7,1543,niebla,Peligro
17.5,79,15.3,3500,lluvia ligera,Precaución
23.3,77,18.9,4239,lluvia ligera,Precaución
12.8,74,10.7,5536,lluvia ligera,Seguro
14.6,100,47.8,3234,tormenta,Peligro
16.4,56,10.7,7180,nublado,Seguro
19.2,90,16.0,3614,lluvia ligera,Precaución
13.4,81,22.6,5720,lluvia ligera,Precaución
7.5,94,32.8,2288,tormenta,Peligro
17.8,37,7.7,7625,despejado,Seguro
7.2,91,32.9,1934,lluvia fuerte,Peligro
10.4,90,13.4,2276,niebla,Precaución
16.1,77,28.2,3343,lluvia ligera,Precaución
29.7,58,3.9,9425,despejado,Seguro
13.4,77,28.5,4926,lluvia ligera,Precaución
22.7,48,3.8,7181,despejado,Seguro
10.4,50,17.5,6019,nublado,Seguro
16.0,89,12.0,3757,lluvia ligera,Precaución
20.6,95,12.2,5031,lluvia ligera,Precaución
12.7,92,5.7,2503,niebla,Peligro
17.7,90,11.3,1611,niebla,Peligro
16.6,56,14.2,8965,despejado,Seguro
17.6,80,25.6,4946,lluvia ligera,Precaución
27.3,62,10.6,7603,nublado,Seguro
8.4,91,45.8,1969,tormenta,Peligro
14.9,95,5.3,1371,niebla,Peligro
13.9,51,13.2,8968,nublado,Seguro
11.3,72,20.8,4824,lluvia ligera,Precaución
20.3,89,26.1,6249,lluvia ligera,Precaución
11.2,84,24.5,1644,lluvia fuerte,Peligro
13.2,77,19.0,5819,lluvia ligera,Precaución
17.6,84,26.0,4163,lluvia ligera,Precaución
15.9,57,0.2,7188,despejado,Seguro
21.0,39,9.1,9131,despejado,Seguro
11.9,94,0.7,1111,niebla,Peligro
23.1,31,11.1,7000,despejado,Seguro
22.4,92,23.6,5597,lluvia ligera,Precaución
16.6,54,20.8,7441,nublado,Seguro
28.2,58,15.3,7536,despejado,Seguro
11.8,78,27.5,4080,lluvia ligera,Precaución
13.1,71,19.6,6609,nublado,Seguro
12.9,97,34.9,1832,tormenta,Peligro
33.3,36,3.3,8273,despejado,Seguro
23.9,75,22.6,3172,lluvia ligera,Precaución
25.9,58,19.6,8384,despejado,Seguro
8.7,73,11.1,4229,lluvia ligera,Precaución
15.0,52,12.0,8223,nublado,Seguro
27.2,62,5.2,8935,nublado,Seguro
14.3,85,18.2,6772,lluvia ligera,Precaución
27.0,79,21.2,7868,nublado,Seguro
10.8,81,14.3,5443,lluvia ligera,Precaución
6.5,97,13.7,2424,niebla,Peligro
12.4,86,47.2,1626,tormenta,Peligro
18.4,75,17.5,5257,nublado,Seguro
24.5,90,22.4,4855,lluvia ligera,Precaución
20.3,80,28.2,3032,lluvia ligera,Precaución
18.2,90,23.9,3171,lluvia ligera,Precaución
16.2,75,20.7,8702,nublado,Seguro
21.5,80,21.2,4497,lluvia ligera,Precaución
19.1,96,28.2,3141,lluvia fuerte,Peligro
21.5,79,17.2,4764,lluvia ligera,Precaución
14.1,95,40.1,2575,tormenta,Peligro
33.2,32,17.4,7468,despejado,Seguro
20.9,94,26.2,6000,lluvia ligera,Precaución
15.9,95,10.6,3328,lluvia ligera,Precaución
19.6,71,15.8,3812,lluvia ligera,Precaución
16.0,94,7.6,2365,niebla,Peligro
15.0,72,13.6,4186,lluvia ligera,Seguro
21.2,79,19.2,4730,lluvia ligera,Precaución
24.7,90,20.7,3679,lluvia ligera,Precaución
21.4,71,28.5,3277,lluvia ligera,Precaución
29.4,46,18.9,7347,despejado,Seguro
15.8,75,11.1,7550,nublado,Seguro
24.4,76,25.6,6298,lluvia ligera,Precaución
13.5,86,19.7,6016,lluvia ligera,Precaución
15.2,93,21.0,4441,lluvia ligera,Precaución
21.1,91,12.4,3611,lluvia ligera,Precaución
14.6,76,16.1,5536,lluvia ligera,Precaución
9.5,92,14.8,5692,lluvia ligera,Precaución
8.4,100,23.7,3937,lluvia fuerte,Peligro
9.8,92,29.1,3809,lluvia fuerte,Peligro
13.4,81,44.3,2083,lluvia fuerte,Peligro
15.7,51,10.3,7242,despejado,Seguro
21.8,71,11.8,7466,nublado,Seguro
8.2,73,20.4,5147,lluvia ligera,Precaución
22.0,76,10.7,7773,nublado,Seguro
24.3,65,6.8,7090,nublado,Seguro
13.3,91,33.8,3037,lluvia fuerte,Peligro
13.7,79,18.0,5589,lluvia ligera,Precaución
19.9,50,14.8,9739,despejado,Seguro
21.8,55,6.1,8148,despejado,Seguro
16.0,55,20.1,6939,nublado,Seguro
15.6,92,14.4,2609,niebla,Peligro
8.7,82,21.4,5974,lluvia ligera,Precaución
21.6,89,23.8,3941,lluvia ligera,Precaución
10.0,57,5.5,6749,nublado,Seguro
28.5,51,7.7,8240,nublado,Seguro
13.4,93,28.3,3274,lluvia ligera,Peligro
12.1,86,40.8,3095,lluvia fuerte,Peligro
21.7,92,17.2,5423,lluvia ligera,Precaución
11.5,82,18.4,4711,lluvia ligera,Precaución
16.0,43,19.9,7660,despejado,Seguro
16.9,72,9.4,7189,nublado,Seguro
14.1,97,40.0,2403,lluvia fuerte,Peligro
15.5,91,4.7,2804,niebla,Peligro
13.9,77,24.5,3173,lluvia ligera,Precaución
16.3,93,2.2,1659,niebla,Peligro
11.4,95,14.0,3171,lluvia ligera,Precaución
12.6,95,5.7,2223,niebla,Peligro
6.7,91,3.4,1182,niebla,Peligro
16.7,73,13.3,6916,lluvia ligera,Seguro
25.2,51,19.3,8532,despejado,Seguro
17.2,63,10.9,5161,nublado,Seguro
28.5,50,2.0,8649,despejado,Seguro
15.4,51,2.7,9682,despejado,Seguro
11.3,78,17.9,5664,lluvia ligera,Precaución
22.5,78,19.0,5340,lluvia ligera,Precaución
9.0,87,37.5,2403,tormenta,Peligro
12.0,71,17.9,5251,lluvia ligera,Precaución
24.3,46,2.7,8479,despejado,Seguro
12.4,78,29.6,5418,lluvia ligera,Precaución
8.7,98,27.0,1526,lluvia fuerte,Peligro
14.9,59,13.9,5517,nublado,Seguro
11.3,80,20.4,4685,lluvia ligera,Precaución
16.7,73,19.0,3907,lluvia ligera,Precaución
25.3,59,15.9,8968,nublado,Seguro
10.0,90,0.1,2852,niebla,Precaución
23.8,43,3.0,9828,despejado,Seguro
11.7,79,22.7,6267,nublado,Seguro
23.4,39,14.6,8827,despejado,Seguro
24.4,57,12.7,9376,despejado,Seguro
20.8,82,17.6,5537,lluvia ligera,Precaución
19.8,90,25.5,4691,lluvia fuerte,Peligro
25.7,60,8.8,6948,nublado,Seguro
16.0,93,16.7,6200,lluvia ligera,Precaución
8.9,94,8.9,1720,niebla,Peligro
11.7,73,13.1,7274,nublado,Seguro
18.5,75,21.7,8022,nublado,Seguro
16.8,57,14.9,8136,despejado,Seguro
6.8,89,20.2,3120,lluvia fuerte,Peligro
6.5,85,49.4,1968,tormenta,Peligro
15.9,54,21.7,7258,nublado,Seguro
11.5,97,39.9,2567,tormenta,Peligro
24.4,53,5.2,9289,despejado,Seguro
11.1,75,10.6,5517,nublado,Seguro
32.2,57,0.6,8768,despejado,Seguro
34.8,53,15.4,7137,despejado,Seguro
21.6,53,9.2,8053,despejado,Seguro
29.2,55,0.1,9140,despejado,Seguro
21.9,66,18.6,5038,nublado,Seguro
14.3,98,6.2,1838,niebla,Peligro
18.4,90,37.4,3172,lluvia fuerte,Peligro
6.1,100,2.6,1507,niebla,Peligro
20.0,100,31.5,2584,lluvia fuerte,Peligro
21.7,43,5.4,7261,despejado,Seguro
11.2,98,2.5,2080,niebla,Peligro
6.4,92,7.4,2683,niebla,Peligro
18.7,72,27.2,4316,lluvia ligera,Precaución
16.2,84,38.0,4184,lluvia fuerte,Peligro
21.9,78,24.0,3340,lluvia ligera,Precaución
22.5,69,15.7,7058,nublado,Seguro
9.3,98,46.2,3141,tormenta,Peligro
16.2,80,20.2,3759,lluvia fuerte,Precaución
20.7,77,16.9,4308,lluvia ligera,Precaución
20.4,85,26.2,6212,lluvia ligera,Precaución
27.3,59,18.8,8680,nublado,Seguro
16.4,78,18.9,6463,nublado,Seguro
8.9,96,1.8,1092,niebla,Peligro
22.1,35,0.3,9678,despejado,Seguro
21.6,76,11.9,7630,nublado,Seguro
10.1,92,42.6,4425,lluvia fuerte,Peligro
10.9,79,23.4,4702,lluvia ligera,Precaución
14.6,97,31.6,4805,lluvia fuerte,Peligro
10.9,94,3.8,1247,niebla,Peligro
12.7,66,5.8,7344,nublado,Seguro
24.9,85,17.2,3771,lluvia ligera,Precaución
15.1,91,24.0,6578,lluvia ligera,Precaución
10.7,93,14.8,1209,niebla,Peligro
20.1,88,22.6,5032,lluvia ligera,Precaución
15.6,67,7.1,5867,nublado,Seguro
18.6,92,41.4,1694,tormenta,Peligro
23.5,79,13.5,3336,lluvia ligera,Precaución
14.8,72,14.2,6862,lluvia ligera,Seguro
5.3,97,21.3,2933,lluvia fuerte,Peligro
27.6,73,20.6,5785,nublado,Seguro
21.6,93,11.4,6898,lluvia ligera,Precaución
19.0,70,24.3,5517,lluvia ligera,Precaución
28.2,72,19.2,6506,nublado,Seguro
22.8,64,5.2,8483,nublado,Seguro
19.8,78,27.2,3628,lluvia ligera,Precaución
12.0,86,33.0,4050,lluvia fuerte,Peligro
23.1,50,23.7,7722,nublado,Seguro
29.6,71,9.6,5409,nublado,Seguro
17.2,71,21.7,3710,lluvia ligera,Precaución
15.3,78,27.1,5393,lluvia ligera,Precaución
15.5,91,8.7,2637,niebla,Peligro
8.8,87,34.6,3761,tormenta,Peligro
34.3,35,16.0,9531,despejado,Seguro
16.4,92,9.8,1712,niebla,Peligro
14.1,90,5.6,2044,niebla,Precaución
15.7,84,22.1,5668,lluvia ligera,Precaución
11.5,80,11.2,3935,lluvia ligera,Precaución
10.6,90,26.9,4925,lluvia ligera,Precaución
15.9,91,31.0,2544,tormenta,Peligro
11.2,80,24.6,2590,lluvia fuerte,Precaución
18.6,74,5.8,8011,nublado,Seguro
24.2,79,21.6,5346,lluvia ligera,Precaución
12.7,98,9.0,1205,niebla,Peligro
12.1,56,24.4,6800,nublado,Seguro
26.7,69,6.7,5851,nublado,Seguro
9.2,90,3.4,1065,niebla,Peligro
22.8,90,22.1,3844,lluvia ligera,Precaución
19.3,70,14.0,7959,nublado,Seguro
12.7,84,11.0,5980,lluvia ligera,Precaución
29.1,32,10.0,8777,despejado,Seguro
27.1,42,7.7,7450,despejado,Seguro
22.8,71,7.9,7172,nublado,Seguro
8.6,78,22.8,4631,lluvia ligera,Precaución
17.2,84,10.0,5613,lluvia ligera,Precaución
17.2,90,11.2,2637,niebla,Precaución
11.7,90,14.0,2827,niebla,Precaución
17.2,72,21.3,7707,nublado,Seguro
13.7,95,21.7,6519,lluvia ligera,Precaución
5.4,93,30.6,2119,tormenta,Peligro
14.7,95,20.9,2628,lluvia fuerte,Peligro
14.7,90,4.7,2148,niebla,Precaución
11.4,82,27.1,3436,lluvia ligera,Peligro
21.1,80,12.2,4780,lluvia ligera,Seguro
22.0,89,12.4,5968,lluvia ligera,Precaución
18.9,91,28.3,1948,lluvia fuerte,Peligro
21.2,80,25.2,4803,lluvia fuerte,Precaución
21.5,80,26.9,4756,lluvia ligera,Precaución
21.2,77,22.1,4443,lluvia ligera,Precaución
7.6,94,6.0,2375,niebla,Peligro
20.0,91,17.9,3413,lluvia ligera,Peligro
25.2,77,6.7,8029,nublado,Seguro
18.0,86,24.3,4879,lluvia ligera,Precaución
27.0,64,10.5,8312,nublado,Seguro
23.3,87,27.2,6244,lluvia ligera,Precaución
23.6,80,26.6,3215,lluvia ligera,Precaución
17.4,58,20.5,8662,nublado,Seguro
21.6,83,13.6,4857,lluvia ligera,Precaución
19.8,81,19.1,4999,lluvia ligera,Precaución
8.4,88,19.6,5995,lluvia ligera,Precaución
20.3,63,7.3,6287,nublado,Seguro
24.4,68,16.6,6716,nublado,Seguro
17.6,76,22.5,6827,lluvia ligera,Seguro
15.8,80,16.3,8253,nublado,Seguro
17.8,90,11.3,3309,lluvia ligera,Precaución
29.1,59,18.9,8872,despejado,Seguro
22.2,82,17.7,4018,lluvia ligera,Precaución
29.9,59,5.4,8525,despejado,Seguro
21.3,79,27.4,4000,lluvia ligera,Precaución
9.4,89,42.8,3010,tormenta,Peligro
14.3,71,23.4,5121,lluvia ligera,Precaución
19.0,79,19.5,4187,lluvia ligera,Precaución
19.5,89,17.9,3419,lluvia ligera,Precaución
22.3,76,26.3,4999,lluvia ligera,Precaución
12.3,62,24.2,6113,nublado,Seguro
15.7,74,12.8,5467,lluvia ligera,Seguro
19.3,81,19.5,5174,lluvia ligera,Precaución
11.1,73,28.7,4171,lluvia ligera,Precaución
17.8,80,20.2,4990,lluvia fuerte,Precaución
19.2,90,42.5,2749,tormenta,Peligro
20.5,31,7.7,8362,despejado,Seguro
15.7,70,25.2,5627,lluvia ligera,Precaución
22.5,78,12.2,3489,lluvia ligera,Precaución
12.0,100,34.4,4442,lluvia fuerte,Peligro
24.1,56,14.7,7058,nublado,Seguro
15.4,56,23.6,6630,nublado,Seguro
24.0,49,9.6,8641,despejado,Seguro
24.9,73,19.2,5050,lluvia ligera,Precaución
13.5,51,24.4,7706,nublado,Seguro
9.8,97,36.5,3493,lluvia fuerte,Peligro
16.9,37,8.1,7996,despejado,Seguro
13.5,81,40.8,3622,lluvia fuerte,Peligro
15.1,87,24.4,4342,lluvia fuerte,Precaución
17.8,97,14.5,1258,niebla,Peligro
17.2,74,26.2,3548,lluvia ligera,Precaución
28.1,39,16.2,9557,despejado,Seguro
20.2,95,12.6,3520,lluvia ligera,Precaución
6.9,97,31.6,2200,tormenta,Peligro
25.4,36,9.5,9791,despejado,Seguro
8.9,88,21.5,6237,lluvia ligera,Precaución
23.5,80,19.0,3539,lluvia ligera,Precaución
19.0,93,35.8,3348,tormenta,Peligro
34.0,56,9.1,9714,despejado,Seguro
18.8,49,10.8,7216,despejado,Seguro
30.8,60,12.4,8247,despejado,Seguro
15.0,82,18.4,4356,lluvia ligera,Precaución
12.1,79,16.8,8286,nublado,Seguro
15.8,95,12.8,6215,lluvia ligera,Precaución
12.2,93,11.1,4138,lluvia ligera,Precaución
14.3,83,34.3,2597,lluvia fuerte,Peligro
29.2,46,17.0,8167,despejado,Seguro
15.1,76,28.9,5819,lluvia ligera,Precaución
13.9,82,31.9,4686,lluvia fuerte,Peligro
14.1,70,18.9,4219,lluvia ligera,Precaución
12.4,59,24.8,6242,nublado,Seguro
18.7,91,10.6,5726,lluvia ligera,Precaución
23.8,70,19.2,6835,nublado,Seguro
14.8,92,9.2,2308,niebla,Peligro
17.9,94,26.9,3381,lluvia ligera,Peligro
20.3,82,24.5,4513,lluvia fuerte,Precaución
22.6,81,20.6,5436,lluvia ligera,Precaución
28.7,38,18.0,9308,despejado,Seguro
8.3,85,18.8,5452,lluvia ligera,Precaución
15.6,91,11.5,6942,lluvia ligera,Precaución
18.7,94,23.3,3201,lluvia fuerte,Peligro
24.9,81,24.4,6439,lluvia ligera,Precaución
25.8,52,17.4,6375,nublado,Seguro
8.5,80,13.6,3868,lluvia ligera,Precaución
9.1,82,25.5,6241,lluvia ligera,Precaución
12.0,81,20.0,6045,lluvia ligera,Precaución
14.6,90,45.4,1528,tormenta,Peligro
17.3,57,22.8,7415,nublado,Seguro
18.4,86,22.4,5292,lluvia ligera,Precaución
5.1,90,38.8,3959,tormenta,Peligro
14.4,58,19.4,6391,nublado,Seguro
33.2,32,13.0,7951,despejado,Seguro
27.5,33,0.6,8769,despejado,Seguro
16.6,72,14.9,7713,nublado,Seguro
24.9,55,12.3,7258,despejado,Seguro
30.2,51,15.0,9016,despejado,Seguro
19.4,85,20.6,5617,lluvia ligera,Precaución
19.0,98,26.7,4988,lluvia fuerte,Peligro
18.5,95,36.2,2213,lluvia fuerte,Peligro
29.5,52,7.6,9678,despejado,Seguro
22.2,50,0.0,7644,despejado,Seguro
16.7,78,18.3,4976,lluvia ligera,Precaución
21.0,70,20.9,3732,lluvia ligera,Precaución
32.8,44,0.9,8071,despejado,Seguro
14.0,88,20.1,3633,lluvia ligera,Precaución
14.0,89,21.1,3118,lluvia fuerte,Peligro
17.9,77,26.5,4665,lluvia ligera,Precaución
6.1,95,42.8,2843,tormenta,Peligro
20.6,99,33.4,3113,lluvia fuerte,Peligro
19.7,74,26.3,6644,lluvia ligera,Precaución
19.7,94,33.5,2913,lluvia fuerte,Peligro
27.9,80,7.3,7714,nublado,Seguro
17.1,73,22.4,6722,nublado,Seguro
21.1,45,2.3,7961,despejado,Seguro
15.1,69,16.6,7714,nublado,Seguro
22.3,82,15.4,4967,lluvia ligera,Precaución
14.3,77,22.0,4336,lluvia ligera,Precaución
10.8,74,16.5,3069,lluvia ligera,Precaución
11.3,90,24.2,4690,lluvia ligera,Precaución
26.2,36,2.4,9171,despejado,Seguro
11.1,91,16.0,5910,lluvia ligera,Precaución
12.5,55,16.9,8404,nublado,Seguro
15.2,90,1.9,1483,niebla,Peligro
9.6,78,10.2,5406,lluvia ligera,Precaución
29.0,79,21.2,5078,nublado,Seguro
12.9,70,20.0,5807,lluvia ligera,Precaución
13.4,52,17.2,6566,nublado,Seguro
17.6,100,10.0,1733,niebla,Peligro
6.3,98,1.3,1864,niebla,Peligro
15.7,88,31.0,4422,lluvia fuerte,Peligro
24.6,67,20.2,6004,nublado,Seguro
21.5,75,15.8,4085,lluvia ligera,Precaución
15.3,78,17.5,7979,nublado,Seguro
21.0,85,12.1,4229,lluvia ligera,Precaución
14.3,74,22.2,5964,lluvia ligera,Precaución
17.8,81,23.8,4796,lluvia fuerte,Precaución
28.6,61,23.2,5819,nublado,Seguro
27.1,35,5.9,9189,despejado,Seguro
25.7,57,15.6,9389,despejado,Seguro
24.8,64,24.3,6931,nublado,Seguro
10.4,87,28.9,5125,lluvia ligera,Precaución
14.4,97,33.0,3788,tormenta,Peligro
24.1,81,16.7,3456,lluvia ligera,Precaución
20.2,56,5.3,8804,despejado,Seguro
17.3,82,20.5,6356,lluvia ligera,Precaución
19.9,75,11.0,5531,lluvia ligera,Seguro
13.6,79,27.3,5692,lluvia ligera,Precaución
14.2,86,26.5,5500,lluvia ligera,Precaución
18.6,76,19.5,3808,lluvia ligera,Precaución
12.6,56,11.2,8350,nublado,Seguro
10.3,84,26.2,4140,lluvia fuerte,Peligro
10.2,76,26.6,5657,lluvia ligera,Precaución
28.9,53,5.3,7153,nublado,Seguro
17.9,75,18.1,5448,lluvia ligera,Precaución
11.4,85,17.8,4243,lluvia ligera,Precaución
19.3,86,39.0,3341,tormenta,Peligro
27.6,59,8.2,8820,nublado,Seguro
10.1,77,15.0,7971,nublado,Seguro
20.0,31,18.9,9127,despejado,Seguro
16.9,90,28.0,2613,lluvia fuerte,Peligro
18.6,37,5.3,7310,despejado,Seguro
24.5,91,14.5,5810,lluvia ligera,Precaución
25.4,42,13.1,9817,despejado,Seguro
9.5,82,31.0,1980,lluvia fuerte,Peligro
12.9,78,29.0,5107,lluvia ligera,Precaución
11.7,61,19.3,6699,nublado,Seguro
19.0,84,16.9,6451,lluvia ligera,Precaución
19.4,58,21.8,5698,nublado,Seguro
31.5,52,5.2,7271,despejado,Seguro
21.9,83,25.0,4488,lluvia ligera,Precaución
15.7,93,12.7,3710,lluvia ligera,Precaución
16.5,37,18.9,7676,despejado,Seguro
8.7,70,14.0,4163,lluvia ligera,Precaución
15.4,75,6.0,6019,nublado,Seguro
8.8,82,15.9,6690,lluvia ligera,Precaución
23.1,92,11.3,3522,lluvia ligera,Precaución
22.7,83,18.8,5933,lluvia ligera,Precaución
10.2,89,28.8,4611,lluvia ligera,Precaución
16.1,84,23.5,3632,lluvia ligera,Precaución
14.1,90,1.4,2176,niebla,Precaución
33.5,48,15.6,8171,despejado,Seguro
15.9,50,15.7,8882,despejado,Seguro
11.1,74,12.8,7224,nublado,Seguro
20.6,80,29.3,4840,lluvia fuerte,Precaución
17.7,90,1.5,1475,niebla,Peligro
24.0,55,14.9,6420,nublado,Seguro
13.5,92,14.0,4286,lluvia ligera,Precaución
21.1,89,21.5,5080,lluvia ligera,Precaución
15.1,46,12.4,8239,despejado,Seguro
22.2,89,16.5,4262,lluvia ligera,Precaución
12.3,60,16.5,6805,nublado,Seguro
13.2,81,20.3,5036,lluvia ligera,Precaución
18.3,68,8.1,8975,nublado,Seguro
12.1,53,15.5,5987,nublado,Seguro
24.6,64,19.8,6702,nublado,Seguro
24.1,83,18.1,4544,lluvia ligera,Precaución
31.9,57,7.3,7297,despejado,Seguro
14.9,74,20.8,4355,lluvia ligera,Precaución
14.8,75,19.4,4731,lluvia ligera,Precaución
9.7,99,1.7,2697,niebla,Peligro
8.8,80,17.1,6108,lluvia ligera,Precaución
16.3,92,36.9,2212,lluvia fuerte,Peligro
21.2,77,16.4,3259,lluvia ligera,Precaución
10.1,95,1.6,1010,niebla,Peligro
24.4,57,6.5,9838,despejado,Seguro
21.3,56,21.7,8319,nublado,Seguro
18.4,78,7.1,7944,nublado,Seguro
9.3,88,14.8,5120,lluvia ligera,Precaución
21.0,74,26.3,6078,lluvia ligera,Precaución
24.6,63,6.5,6044,nublado,Seguro
16.6,58,6.0,5912,nublado,Seguro
22.2,75,29.0,3834,lluvia ligera,Precaución
27.7,50,7.6,8248,despejado,Seguro
17.0,92,29.7,4218,lluvia fuerte,Peligro
24.0,58,14.3,7359,despejado,Seguro
21.3,68,20.2,8848,nublado,Seguro
6.1,88,48.1,3639,tormenta,Peligro
5.4,97,34.3,3414,lluvia fuerte,Peligro
20.9,40,5.2,7428,despejado,Seguro
22.7,92,11.8,6443,lluvia ligera,Precaución
19.4,72,17.9,6439,lluvia ligera,Seguro
15.0,90,18.6,5973,lluvia ligera,Precaución
12.6,75,28.7,4610,lluvia ligera,Precaución
30.9,42,4.4,8759,despejado,Seguro
15.4,90,1.4,2469,niebla,Precaución
28.4,40,2.4,8250,despejado,Seguro
18.3,93,26.0,6422,lluvia ligera,Precaución
18.3,60,19.4,6972,nublado,Seguro
25.0,44,6.3,8210,despejado,Seguro
10.1,84,11.0,6785,lluvia ligera,Seguro
15.2,94,11.0,1241,niebla,Peligro
9.2,97,6.6,1437,niebla,Peligro
12.6,83,22.1,3365,lluvia ligera,Precaución
12.2,73,24.1,4044,lluvia ligera,Precaución
8.4,79,28.4,4029,lluvia ligera,Precaución
20.0,50,19.1,8124,despejado,Seguro
16.5,85,34.8,1275,tormenta,Peligro
18.4,71,23.8,6701,lluvia ligera,Seguro
21.8,90,15.2,4585,lluvia ligera,Precaución
24.7,53,12.5,6755,nublado,Seguro
8.1,92,29.2,3325,lluvia fuerte,Peligro
10.8,96,26.7,1510,lluvia fuerte,Peligro
16.8,96,5.9,2464,niebla,Peligro
22.8,38,13.3,9703,despejado,Seguro
8.3,87,44.2,1241,tormenta,Peligro
19.8,60,24.6,8229,nublado,Seguro
22.7,69,10.0,8094,nublado,Seguro
32.3,52,4.9,8757,despejado,Seguro
24.2,74,23.9,5635,lluvia ligera,Precaución
16.6,51,5.9,8826,despejado,Seguro
9.2,99,8.9,2809,niebla,Peligro
12.1,73,15.3,4015,lluvia ligera,Precaución
16.5,94,19.8,5236,lluvia ligera,Precaución
9.3,100,34.0,1555,tormenta,Peligro
15.2,38,4.4,9124,despejado,Seguro
14.1,95,17.2,6189,lluvia ligera,Precaución
22.6,58,9.0,5521,nublado,Seguro
15.5,50,15.9,7849,despejado,Seguro
14.9,80,26.9,5599,lluvia ligera,Precaución
34.8,43,4.0,9820,despejado,Seguro
27.5,55,6.0,8715,despejado,Seguro
24.9,59,0.1,7913,despejado,Seguro
24.3,70,14.2,3778,lluvia ligera,Precaución
23.6,85,20.7,6310,lluvia ligera,Precaución
8.2,93,32.6,2429,tormenta,Peligro
12.1,90,5.9,2673,niebla,Precaución
20.7,57,8.3,6554,nublado,Seguro
19.7,59,20.4,5193,nublado,Seguro
20.0,69,14.4,7660,nublado,Seguro
5.8,90,14.0,1141,niebla,Peligro
15.8,90,43.8,2439,tormenta,Peligro
18.8,97,20.9,1860,lluvia fuerte,Peligro
21.5,93,32.3,3051,lluvia fuerte,Peligro
7.8,89,42.6,1688,lluvia fuerte,Peligro
22.8,42,11.0,8131,despejado,Seguro
13.2,54,8.6,7916,nublado,Seguro
16.7,95,40.0,4157,lluvia fuerte,Peligro
17.1,90,44.4,1178,tormenta,Peligro
14.0,83,20.2,3751,lluvia ligera,Precaución
11.9,53,21.1,5572,nublado,Seguro
21.1,80,27.8,3748,lluvia ligera,Precaución
25.3,59,11.6,5031,nublado,Seguro
11.2,91,17.2,5223,lluvia ligera,Precaución
20.0,45,1.8,9533,despejado,Seguro
20.7,51,2.4,8530,despejado,Seguro
12.6,71,12.7,3386,lluvia ligera,Precaución
14.5,75,18.0,3341,lluvia ligera,Precaución
23.7,90,15.1,4962,lluvia ligera,Precaución
22.4,79,21.0,3000,lluvia ligera,Precaución
5.8,98,39.5,2377,lluvia fuerte,Peligro
9.1,78,13.8,3153,lluvia ligera,Precaución
9.4,98,32.0,3874,tormenta,Peligro
22.0,51,19.3,7814,despejado,Seguro
20.3,88,21.6,5703,lluvia ligera,Precaución
32.5,48,5.7,8960,despejado,Seguro
24.9,85,29.9,5457,lluvia ligera,Precaución
8.7,94,40.0,3255,tormenta,Peligro
16.6,91,23.2,4895,lluvia fuerte,Peligro
9.0,93,7.9,1487,niebla,Peligro
22.3,34,10.3,7208,despejado,Seguro
16.7,73,19.2,4871,lluvia ligera,Precaución
12.6,90,21.1,4042,lluvia fuerte,Precaución
33.4,50,7.1,8768,despejado,Seguro
18.7,44,11.1,9098,despejado,Seguro
30.9,56,13.3,9965,despejado,Seguro
15.9,83,22.4,4198,lluvia fuerte,Precaución
24.4,50,1.2,9285,despejado,Seguro
15.3,30,19.8,8380,despejado,Seguro
24.4,73,10.0,3304,lluvia ligera,Precaución
12.3,80,24.4,2580,lluvia fuerte,Precaución
24.1,78,16.9,8424,nublado,Seguro
27.1,63,5.9,8050,nublado,Seguro
18.9,97,39.1,2025,lluvia fuerte,Peligro
22.0,90,22.0,3817,lluvia ligera,Precaución
11.8,96,4.5,1124,niebla,Peligro
28.3,55,19.8,7396,despejado,Seguro
17.6,36,13.1,7359,despejado,Seguro
16.3,90,22.7,6018,lluvia ligera,Precaución
18.4,71,20.1,8124,nublado,Seguro
14.4,100,3.0,1883,niebla,Peligro
11.1,66,21.4,7291,nublado,Seguro
13.4,99,49.0,2488,tormenta,Peligro
15.6,94,15.4,3542,lluvia ligera,Peligro
16.5,30,11.1,7583,despejado,Seguro
15.5,35,12.8,7335,despejado,Seguro
24.1,51,15.0,8073,despejado,Seguro
17.2,100,1.1,2300,niebla,Peligro
22.1,72,22.9,6503,lluvia ligera,Seguro
32.0,50,2.2,7673,despejado,Seguro
18.0,98,23.4,3003,lluvia fuerte,Peligro
12.0,87,10.9,3074,lluvia ligera,Precaución
15.3,99,25.6,3640,lluvia fuerte,Peligro
12.7,56,11.9,7332,nublado,Seguro
14.9,67,15.8,8059,nublado,Seguro
17.5,57,3.2,8869,despejado,Seguro
9.7,89,26.4,6753,lluvia ligera,Precaución
23.4,47,9.9,9792,despejado,Seguro
27.4,57,15.2,9210,despejado,Seguro
13.7,55,16.4,7425,nublado,Seguro
15.2,100,5.4,1614,niebla,Peligro
26.6,38,3.4,9018,despejado,Seguro
10.3,79,25.7,5056,lluvia ligera,Precaución
15.4,90,1.7,2536,niebla,Precaución
10.6,92,25.7,3631,lluvia ligera,Peligro
9.0,81,22.3,5509,lluvia ligera,Precaución
13.7,81,32.5,3821,lluvia fuerte,Peligro
25.3,42,19.5,7912,despejado,Seguro
17.4,85,43.2,3222,tormenta,Peligro
17.6,78,19.7,4552,lluvia ligera,Precaución
21.6,89,23.9,5895,lluvia ligera,Precaución
10.1,63,5.5,7218,nublado,Seguro
12.2,93,23.2,6770,lluvia ligera,Precaución
12.2,82,18.5,6352,lluvia ligera,Precaución
12.4,96,48.8,3749,tormenta,Peligro
23.8,72,25.4,4322,lluvia ligera,Precaución
6.2,92,7.2,2916,niebla,Peligro
23.3,74,29.2,5728,lluvia ligera,Precaución
12.6,88,37.3,3664,tormenta,Peligro
15.4,48,14.1,7580,despejado,Seguro
9.7,96,4.1,2982,niebla,Peligro
11.4,97,37.2,1566,tormenta,Peligro
24.7,43,12.7,7076,despejado,Seguro
8.0,91,6.2,2469,niebla,Peligro
14.3,76,21.2,3142,lluvia ligera,Precaución
21.1,68,24.1,7300,nublado,Seguro
22.9,46,0.2,7978,despejado,Seguro
28.0,67,5.1,7971,nublado,Seguro
9.8,96,14.2,1066,niebla,Peligro
18.8,79,21.5,8034,nublado,Seguro
21.1,94,24.4,5087,lluvia ligera,Precaución
27.3,32,17.3,8557,despejado,Seguro
26.3,75,17.1,8575,nublado,Seguro
19.8,100,44.1,2766,tormenta,Peligro
10.5,51,11.0,5404,nublado,Seguro
23.7,81,19.2,6692,lluvia ligera,Precaución
14.8,65,18.4,7310,nublado,Seguro
18.8,75,29.3,4591,lluvia ligera,Precaución
19.1,59,10.3,5205,nublado,Seguro
20.7,32,2.5,7314,despejado,Seguro
20.7,65,19.9,6593,nublado,Seguro
11.0,78,10.8,5443,lluvia ligera,Seguro
18.8,39,17.1,7881,despejado,Seguro
15.8,100,13.7,1191,niebla,Peligro
19.2,75,22.9,3172,lluvia ligera,Precaución
18.4,85,43.4,2685,lluvia fuerte,Peligro
19.4,95,18.1,3676,lluvia ligera,Peligro
13.0,80,19.0,4914,lluvia ligera,Precaución
33.5,37,4.0,8531,despejado,Seguro
12.5,83,23.4,3771,lluvia ligera,Precaución
31.0,58,10.0,7779,despejado,Seguro
20.1,48,7.8,9765,despejado,Seguro
24.7,45,10.3,9968,despejado,Seguro
25.9,45,14.0,7841,despejado,Seguro
13.8,86,20.1,4113,lluvia fuerte,Precaución
21.3,77,19.7,6274,lluvia ligera,Seguro
